table_name,business_purpose,usage_scenario_1,usage_scenario_2,usage_scenario_3,related_tables
IB_LINE_MASTER,SMT¿¿¿¿¿¿¿,실장 계획,Feeder 관리,실장 데이터 모니터링,
IB_MACHINE_LOCATION,SMT¿¿¿¿¿¿¿¿¿¿¿¿¿¿,실장 계획,Feeder 관리,실장 데이터 모니터링,
IB_MATERIAL_LOCATION,SMT/Mounting Management (SMT 실장 관리),실장 계획,Feeder 관리,실장 데이터 모니터링,
IB_MNT_AI_CSV,SMT/Mounting Management (SMT 실장 관리),실장 계획,Feeder 관리,실장 데이터 모니터링,
IB_MNT_BLOCKDATA,SMT/Mounting Management (SMT 실장 관리),실장 계획,Feeder 관리,실장 데이터 모니터링,
IB_MNT_CHIPDATA,SMT/Mounting Management (SMT 실장 관리),실장 계획,Feeder 관리,실장 데이터 모니터링,
IB_MNT_CHIPDATA_NMP,SMT/Mounting Management (SMT 실장 관리),실장 계획,Feeder 관리,실장 데이터 모니터링,
IB_MNT_PARTLIB_COMPARE_MASTER,SMT/Mounting Management (SMT 실장 관리) - 마스터 정보,실장 계획,Feeder 관리,실장 데이터 모니터링,
IB_MNT_PARTLIB_MASTER,SMT/Mounting Management (SMT 실장 관리) - 마스터 정보,실장 계획,Feeder 관리,실장 데이터 모니터링,
IB_MNT_PARTLIB_MASTER_WORK,SMT/Mounting Management (SMT 실장 관리) - 마스터 정보,실장 계획,Feeder 관리,실장 데이터 모니터링,
IB_MNT_PARTSLIB,SMT/Mounting Management (SMT 실장 관리),실장 계획,Feeder 관리,실장 데이터 모니터링,
IB_MNT_PARTSLIB_BM,SMT/Mounting Management (SMT 실장 관리),실장 계획,Feeder 관리,실장 데이터 모니터링,
IB_MNT_PARTSLIB_NMP,SMT/Mounting Management (SMT 실장 관리),실장 계획,Feeder 관리,실장 데이터 모니터링,
IB_MNT_PART_INFORMATION,SMT/Mounting Management (SMT 실장 관리),실장 계획,Feeder 관리,실장 데이터 모니터링,
IB_MNT_PLANDATA,SMT/Mounting Management (SMT 실장 관리) - 계획 정보,실장 계획,Feeder 관리,실장 데이터 모니터링,
IB_MNT_POSITIONDATA,SMT/Mounting Management (SMT 실장 관리),실장 계획,Feeder 관리,실장 데이터 모니터링,
IB_MNT_POSITIONDATA_NPM,SMT/Mounting Management (SMT 실장 관리),실장 계획,Feeder 관리,실장 데이터 모니터링,
IB_MNT_STEP_INFOR,SMT/Mounting Management (SMT 실장 관리),실장 계획,Feeder 관리,실장 데이터 모니터링,
IB_MNT_STOCKDATA,SMT/Mounting Management (SMT 실장 관리),실장 계획,Feeder 관리,실장 데이터 모니터링,
IB_MNT_TAPE_FEEDER_INFOR,SMT/Mounting Management (SMT 실장 관리),실장 계획,Feeder 관리,실장 데이터 모니터링,
IB_MNT_YAMAHA_CSV,SMT/Mounting Management (SMT 실장 관리),실장 계획,Feeder 관리,실장 데이터 모니터링,
IB_MONITORING_MST,SMT/Mounting Management (SMT 실장 관리),실장 계획,Feeder 관리,실장 데이터 모니터링,
IB_PRODUCT_PLANDATA,SMT/Mounting Management (SMT 실장 관리) - 계획 정보,실장 계획,Feeder 관리,실장 데이터 모니터링,
IB_PRODUCT_PLANDATA_BACKUP,"SMT/Mounting Management (SMT 실장 관리) - 계획 정보, 백업 데이터",실장 계획,Feeder 관리,실장 데이터 모니터링,
IB_RECYCLE_CHECKHIST,SMT/Mounting Management (SMT 실장 관리),실장 계획,Feeder 관리,실장 데이터 모니터링,
IB_SMT_BOM_IMAGE,SMT/Mounting Management (SMT 실장 관리) - BOM 정보,실장 계획,Feeder 관리,실장 데이터 모니터링,
IB_SMT_CHECKHIST,SMT/Mounting Management (SMT 실장 관리),실장 계획,Feeder 관리,실장 데이터 모니터링,
IB_SMT_FEEDER_SHAFT,SMT/Mounting Management (SMT 실장 관리),실장 계획,Feeder 관리,실장 데이터 모니터링,
IB_SMT_FULLCHECK_TIME,SMT/Mounting Management (SMT 실장 관리),실장 계획,Feeder 관리,실장 데이터 모니터링,
IB_SMT_LINE_ONOFF_HISTORY,SMT/Mounting Management (SMT 실장 관리) - 이력 정보,실장 계획,Feeder 관리,실장 데이터 모니터링,
IB_SMT_PRODUCT_MASTER_PLAN,"SMT/Mounting Management (SMT 실장 관리) - 마스터 정보, 계획 정보",실장 계획,Feeder 관리,실장 데이터 모니터링,
IB_SMT_SW,SMT/Mounting Management (SMT 실장 관리),실장 계획,Feeder 관리,실장 데이터 모니터링,
ICOM_CUSTOMER,CUSTOMER MASTER,공통 코드 관리,문서 관리,고객/공급사 정보,
ICOM_CUSTOMER_COMPLAINTS,Common/Integration (공통/통합),공통 코드 관리,문서 관리,고객/공급사 정보,
ICOM_CUSTOMER_DOCUMENT,Common/Integration (공통/통합),공통 코드 관리,문서 관리,고객/공급사 정보,
ICOM_DISPLAY_MESSAGE,Common/Integration (공통/통합),공통 코드 관리,문서 관리,고객/공급사 정보,
ICOM_DOCUMENT,Common/Integration (공통/통합),공통 코드 관리,문서 관리,고객/공급사 정보,
ICOM_EMPLOYEE_ATTENDANCE,Common/Integration (공통/통합),공통 코드 관리,문서 관리,고객/공급사 정보,
ICOM_EMPLOYEE_MASTER,Common/Integration (공통/통합) - 마스터 정보,공통 코드 관리,문서 관리,고객/공급사 정보,
ICOM_EXCEL,Common/Integration (공통/통합),공통 코드 관리,문서 관리,고객/공급사 정보,
ICOM_EXCHANGE_RATE,??????????????,공통 코드 관리,문서 관리,고객/공급사 정보,
ICOM_GATHERING_STATUS,Common/Integration (공통/통합),공통 코드 관리,문서 관리,고객/공급사 정보,
ICOM_GATHERING_STATUS_HIST,Common/Integration (공통/통합),공통 코드 관리,문서 관리,고객/공급사 정보,
ICOM_INVENTORY_LOCATION,Common/Integration (공통/통합) - 재고 정보,공통 코드 관리,문서 관리,고객/공급사 정보,
ICOM_MACHINE_INSERT_LOG,"Common/Integration (공통/통합) - 설비 정보, 로그 정보",공통 코드 관리,문서 관리,고객/공급사 정보,
ICOM_MES_MOVIE,Common/Integration (공통/통합),공통 코드 관리,문서 관리,고객/공급사 정보,
ICOM_MOUNTER_EVENT_UPLOAD,Common/Integration (공통/통합),공통 코드 관리,문서 관리,고객/공급사 정보,
ICOM_OBJECT_DETECT,Common/Integration (공통/통합),공통 코드 관리,문서 관리,고객/공급사 정보,
ICOM_PBA_ACTUAL_RESULT,Common/Integration (공통/통합) - 실적 정보,공통 코드 관리,문서 관리,고객/공급사 정보,
ICOM_SUPPLIER,Vendor Master,공통 코드 관리,문서 관리,고객/공급사 정보,
ICOM_SUPPLIER_BARCODE,Common/Integration (공통/통합) - 바코드 정보,공통 코드 관리,문서 관리,고객/공급사 정보,
ICOM_SUPPLIER_DATA,Common/Integration (공통/통합),공통 코드 관리,문서 관리,고객/공급사 정보,
ICOM_SUPPLIER_DOCUMENT,Common/Integration (공통/통합),공통 코드 관리,문서 관리,고객/공급사 정보,
ICOM_SYSTEM_ANALYSIS,Common/Integration (공통/통합),공통 코드 관리,문서 관리,고객/공급사 정보,
ICOM_TEMPERATURE_DATA,¿¿¿¿¿¿,공통 코드 관리,문서 관리,고객/공급사 정보,
ICOM_TEMPERATURE_RAW,Common/Integration (공통/통합) - 임시 데이터,공통 코드 관리,문서 관리,고객/공급사 정보,
ICOM_WORKTIME_RANGES,Common/Integration (공통/통합),공통 코드 관리,문서 관리,고객/공급사 정보,
IDZ_INTERLOCK_NG_HIS_DAY,General,데이터 조회,데이터 등록/수정,이력 관리,
IDZ_INTERLOCK_NG_HIS_LINE,General,데이터 조회,데이터 등록/수정,이력 관리,
IDZ_INTERLOCK_NG_HIS_TOP10,General,데이터 조회,데이터 등록/수정,이력 관리,
IDZ_INTERLOCK_NG_HIS_WORKSTAGE,General,데이터 조회,데이터 등록/수정,이력 관리,
ID_CUSTOMER_SET_BOM,Item/BOM Management (품목/BOM 관리) - BOM 정보,품목 정보 조회,BOM 구조 분석,품목 원가 관리,
ID_CUSTOMER_SET_BOM_EXCEL,Item/BOM Management (품목/BOM 관리) - BOM 정보,품목 정보 조회,BOM 구조 분석,품목 원가 관리,
ID_ENG_BOM,DESIGN BOM,품목 정보 조회,BOM 구조 분석,품목 원가 관리,
ID_ENG_BOM_CUSTOMER,Item/BOM Management (품목/BOM 관리) - BOM 정보,품목 정보 조회,BOM 구조 분석,품목 원가 관리,
ID_ENG_BOM_DRAWING,BOM DRAWING,품목 정보 조회,BOM 구조 분석,품목 원가 관리,
ID_ENG_BOM_ECO_WORKSPACE,BOM WORKSPACE,품목 정보 조회,BOM 구조 분석,품목 원가 관리,
ID_ENG_BOM_ECO_WORKSPACE_HIS,WORKSPACE HISTORY,품목 정보 조회,BOM 구조 분석,품목 원가 관리,
ID_ENG_BOM_EXCEL,Item/BOM Management (품목/BOM 관리) - BOM 정보,품목 정보 조회,BOM 구조 분석,품목 원가 관리,
ID_ENG_BOM_EXCEL_2,Item/BOM Management (품목/BOM 관리) - BOM 정보,품목 정보 조회,BOM 구조 분석,품목 원가 관리,
ID_ENG_BOM_EXCEL_3,Item/BOM Management (품목/BOM 관리) - BOM 정보,품목 정보 조회,BOM 구조 분석,품목 원가 관리,
ID_ENG_BOM_EXCEL_ES,Item/BOM Management (품목/BOM 관리) - BOM 정보,품목 정보 조회,BOM 구조 분석,품목 원가 관리,
ID_ENG_BOM_EXCEL_LG,Item/BOM Management (품목/BOM 관리) - BOM 정보,품목 정보 조회,BOM 구조 분석,품목 원가 관리,
ID_ENG_BOM_EXCEL_LG_CPR1,Item/BOM Management (품목/BOM 관리) - BOM 정보,품목 정보 조회,BOM 구조 분석,품목 원가 관리,
ID_ENG_BOM_EXCEL_LG_CPR2,Item/BOM Management (품목/BOM 관리) - BOM 정보,품목 정보 조회,BOM 구조 분석,품목 원가 관리,
ID_ENG_BOM_IMPORT,Item/BOM Management (품목/BOM 관리) - BOM 정보,품목 정보 조회,BOM 구조 분석,품목 원가 관리,
ID_ENG_BOM_LOOP_CHECK,Item/BOM Management (품목/BOM 관리) - BOM 정보,품목 정보 조회,BOM 구조 분석,품목 원가 관리,
ID_ENG_BOM_MATERIAL_COST,Item/BOM Management (품목/BOM 관리) - BOM 정보,품목 정보 조회,BOM 구조 분석,품목 원가 관리,
ID_ENG_BOM_SMT,DESIGN BOM,품목 정보 조회,BOM 구조 분석,품목 원가 관리,
ID_ENG_BOM_SMT_BACKUP,"Item/BOM Management (품목/BOM 관리) - BOM 정보, 백업 데이터",품목 정보 조회,BOM 구조 분석,품목 원가 관리,
ID_ENG_BOM_SMT_BAK,Item/BOM Management (품목/BOM 관리) - BOM 정보,품목 정보 조회,BOM 구조 분석,품목 원가 관리,
ID_ENG_BOM_SMT_EXCEL,Item/BOM Management (품목/BOM 관리) - BOM 정보,품목 정보 조회,BOM 구조 분석,품목 원가 관리,
ID_ENG_BOM_SMT_NO_REPLACE,Item/BOM Management (품목/BOM 관리) - BOM 정보,품목 정보 조회,BOM 구조 분석,품목 원가 관리,
ID_ENG_BOM_SMT_REPLACE,Item/BOM Management (품목/BOM 관리) - BOM 정보,품목 정보 조회,BOM 구조 분석,품목 원가 관리,
ID_ENG_BOM_TEMP,"Item/BOM Management (품목/BOM 관리) - BOM 정보, 임시 데이터",품목 정보 조회,BOM 구조 분석,품목 원가 관리,
ID_ENG_BOM_UNIT,Item/BOM Management (품목/BOM 관리) - BOM 정보,품목 정보 조회,BOM 구조 분석,품목 원가 관리,
ID_ENG_BOM_UNIT_QTY_ZERO,임시백업 소요량 0 인 데이터들 솔루엠 인터페이스,품목 정보 조회,BOM 구조 분석,품목 원가 관리,
ID_ENG_BOM_WORKSPACE,BOM WORKSPACE,품목 정보 조회,BOM 구조 분석,품목 원가 관리,
ID_ITEM,Item Master,품목 정보 조회,BOM 구조 분석,품목 원가 관리,
ID_ITEM_CLASS,Item Class Master,품목 정보 조회,BOM 구조 분석,품목 원가 관리,
ID_ITEM_ES,Item/BOM Management (품목/BOM 관리),품목 정보 조회,BOM 구조 분석,품목 원가 관리,
ID_ITEM_HISTORY,Item/BOM Management (품목/BOM 관리) - 이력 정보,품목 정보 조회,BOM 구조 분석,품목 원가 관리,
ID_ITEM_IMAGE,Item/BOM Management (품목/BOM 관리),품목 정보 조회,BOM 구조 분석,품목 원가 관리,
ID_ITEM_OTP_MASTER,Item/BOM Management (품목/BOM 관리) - 마스터 정보,품목 정보 조회,BOM 구조 분석,품목 원가 관리,
ID_ITEM_REPLACE,Item/BOM Management (품목/BOM 관리),품목 정보 조회,BOM 구조 분석,품목 원가 관리,
ID_ITEM_REPLACE_TEMP,Item/BOM Management (품목/BOM 관리) - 임시 데이터,품목 정보 조회,BOM 구조 분석,품목 원가 관리,
ID_MFS_BOM,Item/BOM Management (품목/BOM 관리) - BOM 정보,품목 정보 조회,BOM 구조 분석,품목 원가 관리,
ID_MFS_BOM_TEMP,"Item/BOM Management (품목/BOM 관리) - BOM 정보, 임시 데이터",품목 정보 조회,BOM 구조 분석,품목 원가 관리,
ID_PRODUCT_CLASS,Item/BOM Management (품목/BOM 관리),품목 정보 조회,BOM 구조 분석,품목 원가 관리,
ID_USER,Item/BOM Management (품목/BOM 관리),품목 정보 조회,BOM 구조 분석,품목 원가 관리,
IF_KEYT_KEYITEM,General,데이터 조회,데이터 등록/수정,이력 관리,
IF_KF_MATERIAL_LIST,General,데이터 조회,데이터 등록/수정,이력 관리,
IMAN_BRING_IN,General,데이터 조회,데이터 등록/수정,이력 관리,
IMAN_CARRYING_OUT,General,데이터 조회,데이터 등록/수정,이력 관리,
IMCN_FIXASSET,Machine/Maintenance Management (설비/보전 관리),설비 가동 현황,예방 보전,설비 이력 관리,
IMCN_JIG,Machine/Maintenance Management (설비/보전 관리) - 지그/공구 정보,설비 가동 현황,예방 보전,설비 이력 관리,
IMCN_JIG_APPLY_MODEL,Machine/Maintenance Management (설비/보전 관리) - 지그/공구 정보,설비 가동 현황,예방 보전,설비 이력 관리,
IMCN_JIG_BACKUPBLOCK_CHECK,"Machine/Maintenance Management (설비/보전 관리) - 지그/공구 정보, 백업 데이터",설비 가동 현황,예방 보전,설비 이력 관리,
IMCN_JIG_CABLE,Machine/Maintenance Management (설비/보전 관리) - 지그/공구 정보,설비 가동 현황,예방 보전,설비 이력 관리,
IMCN_JIG_FEEDER_ADJUST,Machine/Maintenance Management (설비/보전 관리) - 지그/공구 정보,설비 가동 현황,예방 보전,설비 이력 관리,
IMCN_JIG_INPUT_HIST,Machine/Maintenance Management (설비/보전 관리) - 지그/공구 정보,설비 가동 현황,예방 보전,설비 이력 관리,
IMCN_JIG_ISSUE,"Machine/Maintenance Management (설비/보전 관리) - 출고 정보, 지그/공구 정보",설비 가동 현황,예방 보전,설비 이력 관리,
IMCN_JIG_MASK_CHECK,Machine/Maintenance Management (설비/보전 관리) - 지그/공구 정보,설비 가동 현황,예방 보전,설비 이력 관리,
IMCN_JIG_PM_MASTER,"Machine/Maintenance Management (설비/보전 관리) - 마스터 정보, 지그/공구 정보",설비 가동 현황,예방 보전,설비 이력 관리,
IMCN_JIG_PM_MASTER_HIST,"Machine/Maintenance Management (설비/보전 관리) - 마스터 정보, 지그/공구 정보",설비 가동 현황,예방 보전,설비 이력 관리,
IMCN_JIG_REPAIR,Machine/Maintenance Management (설비/보전 관리) - 지그/공구 정보,설비 가동 현황,예방 보전,설비 이력 관리,
IMCN_JIG_REPAIR_IMAGE,Machine/Maintenance Management (설비/보전 관리) - 지그/공구 정보,설비 가동 현황,예방 보전,설비 이력 관리,
IMCN_JIG_SQUEZE_CHECK,Machine/Maintenance Management (설비/보전 관리) - 지그/공구 정보,설비 가동 현황,예방 보전,설비 이력 관리,
IMCN_JIG_TEMP,"Machine/Maintenance Management (설비/보전 관리) - 지그/공구 정보, 임시 데이터",설비 가동 현황,예방 보전,설비 이력 관리,
IMCN_MACHINE,Machine/Maintenance Management (설비/보전 관리) - 설비 정보,설비 가동 현황,예방 보전,설비 이력 관리,
IMCN_MACHINE_CALIBRATION,Machine/Maintenance Management (설비/보전 관리) - 설비 정보,설비 가동 현황,예방 보전,설비 이력 관리,
IMCN_MACHINE_CALIBRATION_IMAGE,Machine/Maintenance Management (설비/보전 관리) - 설비 정보,설비 가동 현황,예방 보전,설비 이력 관리,
IMCN_MACHINE_DAILY_OPERATION,Machine/Maintenance Management (설비/보전 관리) - 설비 정보,설비 가동 현황,예방 보전,설비 이력 관리,
IMCN_MACHINE_PM_MASTER,"Machine/Maintenance Management (설비/보전 관리) - 마스터 정보, 설비 정보",설비 가동 현황,예방 보전,설비 이력 관리,
IMCN_MACHINE_PM_MASTER_HIST,"Machine/Maintenance Management (설비/보전 관리) - 마스터 정보, 설비 정보",설비 가동 현황,예방 보전,설비 이력 관리,
IMCN_MACHINE_REPAIR,Machine/Maintenance Management (설비/보전 관리) - 설비 정보,설비 가동 현황,예방 보전,설비 이력 관리,
IMCN_MACHINE_REPAIR_IMAGE,Machine/Maintenance Management (설비/보전 관리) - 설비 정보,설비 가동 현황,예방 보전,설비 이력 관리,
IMCN_MACHINE_SOFT_VERSION,Machine/Maintenance Management (설비/보전 관리) - 설비 정보,설비 가동 현황,예방 보전,설비 이력 관리,
IMCN_MACHINE_WORK_DATA,Machine/Maintenance Management (설비/보전 관리) - 설비 정보,설비 가동 현황,예방 보전,설비 이력 관리,
IMCN_MOLD,Machine/Maintenance Management (설비/보전 관리) - 금형 정보,설비 가동 현황,예방 보전,설비 이력 관리,
IMCN_MOLD_BILL,Machine/Maintenance Management (설비/보전 관리) - 금형 정보,설비 가동 현황,예방 보전,설비 이력 관리,
IMCN_MOLD_CHECK_HISTORY,"Machine/Maintenance Management (설비/보전 관리) - 이력 정보, 금형 정보",설비 가동 현황,예방 보전,설비 이력 관리,
IMCN_MOLD_ECO_LINK,Machine/Maintenance Management (설비/보전 관리) - 금형 정보,설비 가동 현황,예방 보전,설비 이력 관리,
IMCN_MOLD_INVENTORY,"Machine/Maintenance Management (설비/보전 관리) - 재고 정보, 금형 정보",설비 가동 현황,예방 보전,설비 이력 관리,
IMCN_MOLD_ISSUE,"Machine/Maintenance Management (설비/보전 관리) - 출고 정보, 금형 정보",설비 가동 현황,예방 보전,설비 이력 관리,
IMCN_MOLD_LOCATION,Machine/Maintenance Management (설비/보전 관리) - 금형 정보,설비 가동 현황,예방 보전,설비 이력 관리,
IMCN_MOLD_PURCHASE_ORDER,"Machine/Maintenance Management (설비/보전 관리) - 오더 정보, 금형 정보",설비 가동 현황,예방 보전,설비 이력 관리,
IMCN_MOLD_RECEIPT,"Machine/Maintenance Management (설비/보전 관리) - 입고 정보, 금형 정보",설비 가동 현황,예방 보전,설비 이력 관리,
IMCN_MOLD_RENT,Machine/Maintenance Management (설비/보전 관리) - 금형 정보,설비 가동 현황,예방 보전,설비 이력 관리,
IMCN_MOLD_REPAIR,Machine/Maintenance Management (설비/보전 관리) - 금형 정보,설비 가동 현황,예방 보전,설비 이력 관리,
IMCN_MOLD_REPAIR_IMAGE,Machine/Maintenance Management (설비/보전 관리) - 금형 정보,설비 가동 현황,예방 보전,설비 이력 관리,
IMCN_MOLD_REPAIR_ITEM,Machine/Maintenance Management (설비/보전 관리) - 금형 정보,설비 가동 현황,예방 보전,설비 이력 관리,
IMCN_MOLD_REQUEST,Machine/Maintenance Management (설비/보전 관리) - 금형 정보,설비 가동 현황,예방 보전,설비 이력 관리,
IMCN_MOLD_REQUIREMENT_PLAN,???? ???? ?????,설비 가동 현황,예방 보전,설비 이력 관리,
IMCN_MOLD_REQUIR_PLAN_TEMP,"Machine/Maintenance Management (설비/보전 관리) - 계획 정보, 금형 정보",설비 가동 현황,예방 보전,설비 이력 관리,
IMCN_MOLD_SHORT_HISTORY,"Machine/Maintenance Management (설비/보전 관리) - 이력 정보, 금형 정보",설비 가동 현황,예방 보전,설비 이력 관리,
IMCN_MOLD_TEMP,"Machine/Maintenance Management (설비/보전 관리) - 금형 정보, 임시 데이터",설비 가동 현황,예방 보전,설비 이력 관리,
IMCN_MOLD_UNIT_PRICE,Machine/Maintenance Management (설비/보전 관리) - 금형 정보,설비 가동 현황,예방 보전,설비 이력 관리,
IMCN_PM_CALENDAR,Machine/Maintenance Management (설비/보전 관리),설비 가동 현황,예방 보전,설비 이력 관리,
IMCN_PM_RESULT,Machine/Maintenance Management (설비/보전 관리) - 실적 정보,설비 가동 현황,예방 보전,설비 이력 관리,
IMCN_SAMPLE,Machine/Maintenance Management (설비/보전 관리),설비 가동 현황,예방 보전,설비 이력 관리,
IMCN_SAMPLE_APPLY_MODEL,Machine/Maintenance Management (설비/보전 관리),설비 가동 현황,예방 보전,설비 이력 관리,
IMCN_SAMPLE_BCR_INPUT_HIST,Machine/Maintenance Management (설비/보전 관리),설비 가동 현황,예방 보전,설비 이력 관리,
IMCN_SAMPLE_INPUT_HIST,Machine/Maintenance Management (설비/보전 관리),설비 가동 현황,예방 보전,설비 이력 관리,
IMCN_SAMPLE_TEST,Machine/Maintenance Management (설비/보전 관리),설비 가동 현황,예방 보전,설비 이력 관리,
IMCN_SAMPLE_TEST_OLD,Machine/Maintenance Management (설비/보전 관리),설비 가동 현황,예방 보전,설비 이력 관리,
IMCN_TEMPERATURE_CHECK_MASTER,"Machine/Maintenance Management (설비/보전 관리) - 마스터 정보, 임시 데이터",설비 가동 현황,예방 보전,설비 이력 관리,
IMCN_WEEKLY_PM_CALENDAR,Machine/Maintenance Management (설비/보전 관리),설비 가동 현황,예방 보전,설비 이력 관리,
IMCN_WEEKLY_PM_RESULT,Machine/Maintenance Management (설비/보전 관리) - 실적 정보,설비 가동 현황,예방 보전,설비 이력 관리,
IM_ASSY_INVENTORY_CHECK_BCD,Inventory/Material Management (재고/자재 관리) - 재고 정보,입출고 관리,재고 조회,자재 소요량 계산,
IM_INVENTORY_CLOSE_SETTING,Inventory/Material Management (재고/자재 관리) - 재고 정보,입출고 관리,재고 조회,자재 소요량 계산,
IM_ITEM_ARRIVAL,ITEM ARRIVAL MASTER,입출고 관리,재고 조회,자재 소요량 계산,
IM_ITEM_ARRIVAL_GEN,Inventory/Material Management (재고/자재 관리),입출고 관리,재고 조회,자재 소요량 계산,
IM_ITEM_ASSEMBLY_REQUIR_ORDER,Inventory/Material Management (재고/자재 관리) - 오더 정보,입출고 관리,재고 조회,자재 소요량 계산,
IM_ITEM_BAD_INVENTORY,Inventory/Material Management (재고/자재 관리) - 재고 정보,입출고 관리,재고 조회,자재 소요량 계산,
IM_ITEM_BAKING_MASTER,Inventory/Material Management (재고/자재 관리) - 마스터 정보,입출고 관리,재고 조회,자재 소요량 계산,
IM_ITEM_BARCODE_XRAY_RETURN,Inventory/Material Management (재고/자재 관리) - 바코드 정보,입출고 관리,재고 조회,자재 소요량 계산,
IM_ITEM_BILL_COLLECTION,Inventory/Material Management (재고/자재 관리),입출고 관리,재고 조회,자재 소요량 계산,
IM_ITEM_BILL_DISBURSE,Inventory/Material Management (재고/자재 관리),입출고 관리,재고 조회,자재 소요량 계산,
IM_ITEM_CURRENT_UNIT_PRICE,Item Buy Price Master,입출고 관리,재고 조회,자재 소요량 계산,
IM_ITEM_CURRENT_UNIT_PRICE_4_S,Item Buy Price Master,입출고 관리,재고 조회,자재 소요량 계산,
IM_ITEM_DETAIL_4_PROFIT_COST,Inventory/Material Management (재고/자재 관리),입출고 관리,재고 조회,자재 소요량 계산,
IM_ITEM_DIRECT_ORDER,Inventory/Material Management (재고/자재 관리) - 오더 정보,입출고 관리,재고 조회,자재 소요량 계산,
IM_ITEM_DIVIDE_HIST,Inventory/Material Management (재고/자재 관리),입출고 관리,재고 조회,자재 소요량 계산,
IM_ITEM_EPOXY_INPUT_HIST,Inventory/Material Management (재고/자재 관리),입출고 관리,재고 조회,자재 소요량 계산,
IM_ITEM_EPOXY_MASTER,Inventory/Material Management (재고/자재 관리) - 마스터 정보,입출고 관리,재고 조회,자재 소요량 계산,
IM_ITEM_EXPENSE_COST_DISTRIBUT,Inventory/Material Management (재고/자재 관리),입출고 관리,재고 조회,자재 소요량 계산,
IM_ITEM_FBACK_INVENTORY,Inventory/Material Management (재고/자재 관리) - 재고 정보,입출고 관리,재고 조회,자재 소요량 계산,
IM_ITEM_FBACK_INVENTORY_CHECK,Inventory/Material Management (재고/자재 관리) - 재고 정보,입출고 관리,재고 조회,자재 소요량 계산,
IM_ITEM_FBACK_INVENTORY_CLOSE,Inventory/Material Management (재고/자재 관리) - 재고 정보,입출고 관리,재고 조회,자재 소요량 계산,
IM_ITEM_FBACK_INV_CLOSE_MFS,Inventory/Material Management (재고/자재 관리),입출고 관리,재고 조회,자재 소요량 계산,
IM_ITEM_FBACK_ISSUE,Inventory/Material Management (재고/자재 관리) - 출고 정보,입출고 관리,재고 조회,자재 소요량 계산,
IM_ITEM_FBACK_RECEIPT,Inventory/Material Management (재고/자재 관리) - 입고 정보,입출고 관리,재고 조회,자재 소요량 계산,
IM_ITEM_FREE_INVENTORY,Inventory/Material Management (재고/자재 관리) - 재고 정보,입출고 관리,재고 조회,자재 소요량 계산,
IM_ITEM_FREE_INVENTORY_CHECK,Item Inventory Check Master,입출고 관리,재고 조회,자재 소요량 계산,
IM_ITEM_FREE_INVENTORY_CLOSE,Inventory/Material Management (재고/자재 관리) - 재고 정보,입출고 관리,재고 조회,자재 소요량 계산,
IM_ITEM_FREE_INVENTORY_MFS,Inventory/Material Management (재고/자재 관리) - 재고 정보,입출고 관리,재고 조회,자재 소요량 계산,
IM_ITEM_FREE_INV_CLOSE_MFS,Inventory/Material Management (재고/자재 관리),입출고 관리,재고 조회,자재 소요량 계산,
IM_ITEM_FREE_ISSUE,Inventory/Material Management (재고/자재 관리) - 출고 정보,입출고 관리,재고 조회,자재 소요량 계산,
IM_ITEM_FREE_RCV_4_BASE_INV,Inventory/Material Management (재고/자재 관리),입출고 관리,재고 조회,자재 소요량 계산,
IM_ITEM_FREE_RECEIPT,Inventory/Material Management (재고/자재 관리) - 입고 정보,입출고 관리,재고 조회,자재 소요량 계산,
IM_ITEM_INVENTORY,Item Inventory Master,입출고 관리,재고 조회,자재 소요량 계산,
IM_ITEM_INVENTORY_4_TIME,Inventory/Material Management (재고/자재 관리) - 재고 정보,입출고 관리,재고 조회,자재 소요량 계산,
IM_ITEM_INVENTORY_BACK_MINUS_230614,Inventory/Material Management (재고/자재 관리) - 재고 정보,입출고 관리,재고 조회,자재 소요량 계산,
IM_ITEM_INVENTORY_BARCODE,"Inventory/Material Management (재고/자재 관리) - 재고 정보, 바코드 정보",입출고 관리,재고 조회,자재 소요량 계산,
IM_ITEM_INVENTORY_CHECK,Item Inventory Check Master,입출고 관리,재고 조회,자재 소요량 계산,
IM_ITEM_INVENTORY_CHECK_BCD,Inventory/Material Management (재고/자재 관리) - 재고 정보,입출고 관리,재고 조회,자재 소요량 계산,
IM_ITEM_INVENTORY_CHECK_EXCEL,Inventory/Material Management (재고/자재 관리) - 재고 정보,입출고 관리,재고 조회,자재 소요량 계산,
IM_ITEM_INVENTORY_CHECK_MANUAL,Inventory/Material Management (재고/자재 관리) - 재고 정보,입출고 관리,재고 조회,자재 소요량 계산,
IM_ITEM_INVENTORY_CLOSE,Item Inventory Close master,입출고 관리,재고 조회,자재 소요량 계산,
IM_ITEM_INVENTORY_CLOSE_MFS,Inventory/Material Management (재고/자재 관리) - 재고 정보,입출고 관리,재고 조회,자재 소요량 계산,
IM_ITEM_INVENTORY_CLOSE_MV,Item Inventory Close master,입출고 관리,재고 조회,자재 소요량 계산,
IM_ITEM_INVENTORY_GEN,Inventory/Material Management (재고/자재 관리) - 재고 정보,입출고 관리,재고 조회,자재 소요량 계산,
IM_ITEM_INVENTORY_HISTORY,"Inventory/Material Management (재고/자재 관리) - 재고 정보, 이력 정보",입출고 관리,재고 조회,자재 소요량 계산,
IM_ITEM_INVENTORY_HOLD,Inventory/Material Management (재고/자재 관리) - 재고 정보,입출고 관리,재고 조회,자재 소요량 계산,
IM_ITEM_INVENTORY_LEDGER_REGEN,Inventory/Material Management (재고/자재 관리) - 재고 정보,입출고 관리,재고 조회,자재 소요량 계산,
IM_ITEM_INVENTORY_MERGE,Item Inventory Master,입출고 관리,재고 조회,자재 소요량 계산,
IM_ITEM_INVENTORY_MOVE_HIST,Item Inventory Move History Master,입출고 관리,재고 조회,자재 소요량 계산,
IM_ITEM_INVENTORY_SCAN,Inventory/Material Management (재고/자재 관리) - 재고 정보,입출고 관리,재고 조회,자재 소요량 계산,
IM_ITEM_INV_CHECK_INPUT_QTY,Inventory/Material Management (재고/자재 관리),입출고 관리,재고 조회,자재 소요량 계산,
IM_ITEM_ISSUE,Item Issue Master,입출고 관리,재고 조회,자재 소요량 계산,
IM_ITEM_ISSUE_LEDGER_REGEN,Inventory/Material Management (재고/자재 관리) - 출고 정보,입출고 관리,재고 조회,자재 소요량 계산,
IM_ITEM_ISSUE_LOSS,Inventory/Material Management (재고/자재 관리) - 출고 정보,입출고 관리,재고 조회,자재 소요량 계산,
IM_ITEM_ISSUE_RETURN_REQUEST,Inventory/Material Management (재고/자재 관리) - 출고 정보,입출고 관리,재고 조회,자재 소요량 계산,
IM_ITEM_LEDGER,Inventory/Material Management (재고/자재 관리),입출고 관리,재고 조회,자재 소요량 계산,
IM_ITEM_LOCATION,Item Inventory Location,입출고 관리,재고 조회,자재 소요량 계산,
IM_ITEM_LOCATION_MOVE_HIST,Inventory/Material Management (재고/자재 관리),입출고 관리,재고 조회,자재 소요량 계산,
IM_ITEM_MANUAL_INPUT_HISTORY,Inventory/Material Management (재고/자재 관리) - 이력 정보,입출고 관리,재고 조회,자재 소요량 계산,
IM_ITEM_MASTER,Inventory/Material Management (재고/자재 관리) - 마스터 정보,입출고 관리,재고 조회,자재 소요량 계산,
IM_ITEM_MASTER_BACKUP,"Inventory/Material Management (재고/자재 관리) - 마스터 정보, 백업 데이터",입출고 관리,재고 조회,자재 소요량 계산,
IM_ITEM_MASTER_PLAN_4_PO,"Inventory/Material Management (재고/자재 관리) - 마스터 정보, 계획 정보",입출고 관리,재고 조회,자재 소요량 계산,
IM_ITEM_MASTER_PLAN_4_REQUIR,"Inventory/Material Management (재고/자재 관리) - 마스터 정보, 계획 정보",입출고 관리,재고 조회,자재 소요량 계산,
IM_ITEM_MASTER_PLAN_4_REQUIR_S,"Inventory/Material Management (재고/자재 관리) - 마스터 정보, 계획 정보",입출고 관리,재고 조회,자재 소요량 계산,
IM_ITEM_MFS_SHIPPING_4_COST,Inventory/Material Management (재고/자재 관리),입출고 관리,재고 조회,자재 소요량 계산,
IM_ITEM_MSL_CHECK_MASTER,Inventory/Material Management (재고/자재 관리) - 마스터 정보,입출고 관리,재고 조회,자재 소요량 계산,
IM_ITEM_PURCHASE_ORDER,Item Purchase Order master,입출고 관리,재고 조회,자재 소요량 계산,
IM_ITEM_PURCHASE_ORDER_GEN,Inventory/Material Management (재고/자재 관리) - 오더 정보,입출고 관리,재고 조회,자재 소요량 계산,
IM_ITEM_PURCHASE_ORDER_PLAN,"Inventory/Material Management (재고/자재 관리) - 계획 정보, 오더 정보",입출고 관리,재고 조회,자재 소요량 계산,
IM_ITEM_PURCHASE_ORDER_WAIT,Item Purchase Order wait master,입출고 관리,재고 조회,자재 소요량 계산,
IM_ITEM_PURCHASE_REQUIR_ORDER,Inventory/Material Management (재고/자재 관리) - 오더 정보,입출고 관리,재고 조회,자재 소요량 계산,
IM_ITEM_RANK_MASTER,Inventory/Material Management (재고/자재 관리) - 마스터 정보,입출고 관리,재고 조회,자재 소요량 계산,
IM_ITEM_RECEIPT,Item Receipt Master,입출고 관리,재고 조회,자재 소요량 계산,
IM_ITEM_RECEIPT_4_BASE_INV,Inventory/Material Management (재고/자재 관리) - 입고 정보,입출고 관리,재고 조회,자재 소요량 계산,
IM_ITEM_RECEIPT_BARCODE,"Inventory/Material Management (재고/자재 관리) - 입고 정보, 바코드 정보",입출고 관리,재고 조회,자재 소요량 계산,
IM_ITEM_RECEIPT_EXPENSE_COST,Inventory/Material Management (재고/자재 관리) - 입고 정보,입출고 관리,재고 조회,자재 소요량 계산,
IM_ITEM_RECEIPT_INVOICE_MASTER,"Inventory/Material Management (재고/자재 관리) - 마스터 정보, 입고 정보",입출고 관리,재고 조회,자재 소요량 계산,
IM_ITEM_RECEIPT_LEDGER_REGEN,Inventory/Material Management (재고/자재 관리) - 입고 정보,입출고 관리,재고 조회,자재 소요량 계산,
IM_ITEM_RECEIPT_RETURN_REQUEST,Inventory/Material Management (재고/자재 관리) - 입고 정보,입출고 관리,재고 조회,자재 소요량 계산,
IM_ITEM_RECEIPT_SLIP,Inventory/Material Management (재고/자재 관리) - 입고 정보,입출고 관리,재고 조회,자재 소요량 계산,
IM_ITEM_RECEIPT_TEMP,"Inventory/Material Management (재고/자재 관리) - 입고 정보, 임시 데이터",입출고 관리,재고 조회,자재 소요량 계산,
IM_ITEM_RECYCLE_INVENTORY,Inventory/Material Management (재고/자재 관리) - 재고 정보,입출고 관리,재고 조회,자재 소요량 계산,
IM_ITEM_REPAIR_INVENTORY,Inventory/Material Management (재고/자재 관리) - 재고 정보,입출고 관리,재고 조회,자재 소요량 계산,
IM_ITEM_REPAIR_INVENTORY_CHECK,Inventory/Material Management (재고/자재 관리) - 재고 정보,입출고 관리,재고 조회,자재 소요량 계산,
IM_ITEM_REPAIR_INVENTORY_CLOSE,Inventory/Material Management (재고/자재 관리) - 재고 정보,입출고 관리,재고 조회,자재 소요량 계산,
IM_ITEM_REPAIR_INV_CLOSE_MFS,Inventory/Material Management (재고/자재 관리),입출고 관리,재고 조회,자재 소요량 계산,
IM_ITEM_REPAIR_ISSUE,Inventory/Material Management (재고/자재 관리) - 출고 정보,입출고 관리,재고 조회,자재 소요량 계산,
IM_ITEM_REPAIR_RECEIPT,Inventory/Material Management (재고/자재 관리) - 입고 정보,입출고 관리,재고 조회,자재 소요량 계산,
IM_ITEM_REQUEST,Item Request Master,입출고 관리,재고 조회,자재 소요량 계산,
IM_ITEM_REQUIRMENT_LONGTERM,Inventory/Material Management (재고/자재 관리),입출고 관리,재고 조회,자재 소요량 계산,
IM_ITEM_REQUIRMENT_ORDER,Inventory/Material Management (재고/자재 관리) - 오더 정보,입출고 관리,재고 조회,자재 소요량 계산,
IM_ITEM_REQUIRMENT_PLAN,???? ???? ?????,입출고 관리,재고 조회,자재 소요량 계산,
IM_ITEM_REQUIRMENT_PLAN_TEMP,"Inventory/Material Management (재고/자재 관리) - 계획 정보, 임시 데이터",입출고 관리,재고 조회,자재 소요량 계산,
IM_ITEM_REQUIR_PLAN_TEMP,"Inventory/Material Management (재고/자재 관리) - 계획 정보, 임시 데이터",입출고 관리,재고 조회,자재 소요량 계산,
IM_ITEM_SALE_INVENTORY,Inventory/Material Management (재고/자재 관리) - 재고 정보,입출고 관리,재고 조회,자재 소요량 계산,
IM_ITEM_SALE_INVENTORY_CHECK,Inventory/Material Management (재고/자재 관리) - 재고 정보,입출고 관리,재고 조회,자재 소요량 계산,
IM_ITEM_SALE_INVENTORY_CLOSE,Inventory/Material Management (재고/자재 관리) - 재고 정보,입출고 관리,재고 조회,자재 소요량 계산,
IM_ITEM_SALE_INVOICE_MASTER,Inventory/Material Management (재고/자재 관리) - 마스터 정보,입출고 관리,재고 조회,자재 소요량 계산,
IM_ITEM_SALE_ISSUE,Inventory/Material Management (재고/자재 관리) - 출고 정보,입출고 관리,재고 조회,자재 소요량 계산,
IM_ITEM_SALE_PRICE,Inventory/Material Management (재고/자재 관리),입출고 관리,재고 조회,자재 소요량 계산,
IM_ITEM_SALE_RECEIPT,Inventory/Material Management (재고/자재 관리) - 입고 정보,입출고 관리,재고 조회,자재 소요량 계산,
IM_ITEM_SAP_DATA,Inventory/Material Management (재고/자재 관리),입출고 관리,재고 조회,자재 소요량 계산,
IM_ITEM_SCRAP_INVENTORY_CLOSE,Inventory/Material Management (재고/자재 관리) - 재고 정보,입출고 관리,재고 조회,자재 소요량 계산,
IM_ITEM_SCRAP_ISSUE,Item Issue Master,입출고 관리,재고 조회,자재 소요량 계산,
IM_ITEM_SCRAP_RECEIPT,Item Receipt Master,입출고 관리,재고 조회,자재 소요량 계산,
IM_ITEM_SOLDER_INPUT_HIST,Inventory/Material Management (재고/자재 관리),입출고 관리,재고 조회,자재 소요량 계산,
IM_ITEM_SOLDER_MASTER,Inventory/Material Management (재고/자재 관리) - 마스터 정보,입출고 관리,재고 조회,자재 소요량 계산,
IM_ITEM_SOLDER_MASTER_HIS,Inventory/Material Management (재고/자재 관리) - 마스터 정보,입출고 관리,재고 조회,자재 소요량 계산,
IM_ITEM_SOLDER_MASTER_SHS,Inventory/Material Management (재고/자재 관리) - 마스터 정보,입출고 관리,재고 조회,자재 소요량 계산,
IM_ITEM_SOLDER_TIMECHECK,Inventory/Material Management (재고/자재 관리),입출고 관리,재고 조회,자재 소요량 계산,
IM_ITEM_TOTAL_4_PROFIT_COST,Inventory/Material Management (재고/자재 관리),입출고 관리,재고 조회,자재 소요량 계산,
IM_ITEM_TOTAL_COST,Inventory/Material Management (재고/자재 관리),입출고 관리,재고 조회,자재 소요량 계산,
IM_ITEM_TOTAL_INVENTORY,Inventory/Material Management (재고/자재 관리) - 재고 정보,입출고 관리,재고 조회,자재 소요량 계산,
IM_ITEM_TOTAL_INVENTORY_CLOSE,Inventory/Material Management (재고/자재 관리) - 재고 정보,입출고 관리,재고 조회,자재 소요량 계산,
IM_ITEM_TOTAL_INVENTORY_EXP,Inventory/Material Management (재고/자재 관리) - 재고 정보,입출고 관리,재고 조회,자재 소요량 계산,
IM_ITEM_TOTAL_INVENTORY_GEN,Inventory/Material Management (재고/자재 관리) - 재고 정보,입출고 관리,재고 조회,자재 소요량 계산,
IM_ITEM_UNIT_PRICE,Item Buy Price Master,입출고 관리,재고 조회,자재 소요량 계산,
IM_ITEM_UNIT_PRICE_BACK,Inventory/Material Management (재고/자재 관리),입출고 관리,재고 조회,자재 소요량 계산,
IM_ITEM_WEEK,Inventory/Material Management (재고/자재 관리),입출고 관리,재고 조회,자재 소요량 계산,
IM_ITEM_WORKSTAGE_INVENTORY,Item Inventory Master,입출고 관리,재고 조회,자재 소요량 계산,
IM_ITEM_WORKSTAGE_INV_CHECK,Inventory/Material Management (재고/자재 관리),입출고 관리,재고 조회,자재 소요량 계산,
IM_ITEM_WORKSTAGE_INV_CLOSE,Inventory/Material Management (재고/자재 관리),입출고 관리,재고 조회,자재 소요량 계산,
IM_ITEM_WORKSTAGE_INV_EXPAND,Inventory/Material Management (재고/자재 관리),입출고 관리,재고 조회,자재 소요량 계산,
IM_ITEM_WORKSTAGE_ISSUE,Item Issue Master,입출고 관리,재고 조회,자재 소요량 계산,
IM_ITEM_WORKSTAGE_ISSUE_GEN,Inventory/Material Management (재고/자재 관리) - 출고 정보,입출고 관리,재고 조회,자재 소요량 계산,
IM_ITEM_WORKSTAGE_ISSUE_PLAN,Item Issue Master,입출고 관리,재고 조회,자재 소요량 계산,
IM_ITEM_WORKSTAGE_RECEIPT,Item Issue Master,입출고 관리,재고 조회,자재 소요량 계산,
IM_ITEM_WORK_ORDER,Inventory/Material Management (재고/자재 관리) - 오더 정보,입출고 관리,재고 조회,자재 소요량 계산,
IM_ITEM_WS_INVENTORY_REVERSE,Inventory/Material Management (재고/자재 관리) - 재고 정보,입출고 관리,재고 조회,자재 소요량 계산,
IM_ITEM_WS_INVENTORY_REV_NOUSE,Inventory/Material Management (재고/자재 관리) - 재고 정보,입출고 관리,재고 조회,자재 소요량 계산,
IM_ITEM_WS_INVE_CHECK_EXCEL,Inventory/Material Management (재고/자재 관리),입출고 관리,재고 조회,자재 소요량 계산,
IM_ITEM_WS_RECEIPT_4_BASE_INV,Inventory/Material Management (재고/자재 관리) - 입고 정보,입출고 관리,재고 조회,자재 소요량 계산,
IM_MATERIAL_REEL_IMAGE,Inventory/Material Management (재고/자재 관리),입출고 관리,재고 조회,자재 소요량 계산,
IM_MATERIAL_REQUEST,Inventory/Material Management (재고/자재 관리),입출고 관리,재고 조회,자재 소요량 계산,
IM_TOTAL_PAYABLE_MASTER,Inventory/Material Management (재고/자재 관리) - 마스터 정보,입출고 관리,재고 조회,자재 소요량 계산,
INTF_B_ITEM_BY_PLANT_FR_ERP,Interface (인터페이스) - 계획 정보,데이터 수신,데이터 변환,연동 이력 관리,
INTF_B_ITEM_FR_ERP,Interface (인터페이스),데이터 수신,데이터 변환,연동 이력 관리,
INTF_P_BOM,"최신 BOM 유지 ( Parent, Child Unique ) ",데이터 수신,데이터 변환,연동 이력 관리,
INTF_P_BOM_DETAIL_FR_ERP,BOM History ,데이터 수신,데이터 변환,연동 이력 관리,
INTF_P_BOM_HEADER_FR_ERP,Interface (인터페이스) - BOM 정보,데이터 수신,데이터 변환,연동 이력 관리,
INTF_P_PRODUCTION_ORDER_DETAIL_FR_ERP,Interface (인터페이스) - 오더 정보,데이터 수신,데이터 변환,연동 이력 관리,
INTF_P_PRODUCTION_ORDER_HEADER_FR_ERP,Interface (인터페이스) - 오더 정보,데이터 수신,데이터 변환,연동 이력 관리,
INTF_P_PRODUCTION_RESULTS_FR_MES,Interface (인터페이스) - 실적 정보,데이터 수신,데이터 변환,연동 이력 관리,
IP_ASSEMBLY_ISSUE,Production Management (생산 관리) - 출고 정보,생산 계획 수립,생산 실적 집계,Work Order 관리,
IP_ASSEMBLY_RESULT,Product Actual Result Master,생산 계획 수립,생산 실적 집계,Work Order 관리,
IP_ASSEMBLY_RESULT_BARCODE,"Production Management (생산 관리) - 실적 정보, 바코드 정보",생산 계획 수립,생산 실적 집계,Work Order 관리,
IP_ASSEMBLY_RESULT_HISTORY,"Production Management (생산 관리) - 이력 정보, 실적 정보",생산 계획 수립,생산 실적 집계,Work Order 관리,
IP_LABEL_MASTER,Production Management (생산 관리) - 마스터 정보,생산 계획 수립,생산 실적 집계,Work Order 관리,
IP_LINE_DAILY_OPERATION,Production Management (생산 관리),생산 계획 수립,생산 실적 집계,Work Order 관리,
IP_LINE_DAILY_OPERATION_HIST,Production Management (생산 관리),생산 계획 수립,생산 실적 집계,Work Order 관리,
IP_LINE_IDLE_TIME,Production Management (생산 관리),생산 계획 수립,생산 실적 집계,Work Order 관리,
IP_MACHINE_DAILY_OPERATION,Production Management (생산 관리) - 설비 정보,생산 계획 수립,생산 실적 집계,Work Order 관리,
IP_MACHINE_INSPECT_MCN_STATUS,설비데이터 수집 상태 저장 모니터링 용 25.07.18,생산 계획 수립,생산 실적 집계,Work Order 관리,
IP_PRODUCT_2D_BARCODE,Production Management (생산 관리) - 바코드 정보,생산 계획 수립,생산 실적 집계,Work Order 관리,
IP_PRODUCT_2D_BARCODE_DEL,Production Management (생산 관리) - 바코드 정보,생산 계획 수립,생산 실적 집계,Work Order 관리,
IP_PRODUCT_2D_BARCODE_PAIR,Production Management (생산 관리) - 바코드 정보,생산 계획 수립,생산 실적 집계,Work Order 관리,
IP_PRODUCT_CARRIER_BARCODE,Production Management (생산 관리) - 바코드 정보,생산 계획 수립,생산 실적 집계,Work Order 관리,
IP_PRODUCT_COMPANY_CALENDAR,Production Management (생산 관리),생산 계획 수립,생산 실적 집계,Work Order 관리,
IP_PRODUCT_DAILY_LINE_CAPACITY,Production Management (생산 관리),생산 계획 수립,생산 실적 집계,Work Order 관리,
IP_PRODUCT_DAILY_MCN_CAPACITY,Production Management (생산 관리),생산 계획 수립,생산 실적 집계,Work Order 관리,
IP_PRODUCT_DAILY_RESULT,Production Management (생산 관리) - 실적 정보,생산 계획 수립,생산 실적 집계,Work Order 관리,
IP_PRODUCT_DAILY_WS_CAPACITY,Production Management (생산 관리),생산 계획 수립,생산 실적 집계,Work Order 관리,
IP_PRODUCT_DEFECT,Production Management (생산 관리),생산 계획 수립,생산 실적 집계,Work Order 관리,
IP_PRODUCT_DELIVERY_MONTH_PLAN,Production Management (생산 관리) - 계획 정보,생산 계획 수립,생산 실적 집계,Work Order 관리,
IP_PRODUCT_DELIVERY_PLAN,Production Management (생산 관리) - 계획 정보,생산 계획 수립,생산 실적 집계,Work Order 관리,
IP_PRODUCT_FG_INVENTORY,Production Management (생산 관리) - 재고 정보,생산 계획 수립,생산 실적 집계,Work Order 관리,
IP_PRODUCT_FG_ISSUE,Production Management (생산 관리) - 출고 정보,생산 계획 수립,생산 실적 집계,Work Order 관리,
IP_PRODUCT_FG_PALLET,¿¿¿ ¿¿ ¿¿¿ ( ¿¿¿¿¿¿ ¿¿),생산 계획 수립,생산 실적 집계,Work Order 관리,
IP_PRODUCT_FG_RECEIPT,Production Management (생산 관리) - 입고 정보,생산 계획 수립,생산 실적 집계,Work Order 관리,
IP_PRODUCT_FT_DAILY_RESULTS,"SOLUM FT,TVSET DAILY UPH,PPM",생산 계획 수립,생산 실적 집계,Work Order 관리,
IP_PRODUCT_INV_4_REQUIREMENT,Production Management (생산 관리),생산 계획 수립,생산 실적 집계,Work Order 관리,
IP_PRODUCT_ISSUE_PID_SCAN,Production Management (생산 관리) - 출고 정보,생산 계획 수립,생산 실적 집계,Work Order 관리,
IP_PRODUCT_LASER_MARKING,Production Management (생산 관리),생산 계획 수립,생산 실적 집계,Work Order 관리,
IP_PRODUCT_LINE,Product Line Master,생산 계획 수립,생산 실적 집계,Work Order 관리,
IP_PRODUCT_LINE_BARCODE,Production Management (생산 관리) - 바코드 정보,생산 계획 수립,생산 실적 집계,Work Order 관리,
IP_PRODUCT_LINE_CALENDAR,Production Management (생산 관리),생산 계획 수립,생산 실적 집계,Work Order 관리,
IP_PRODUCT_LINE_CAPACITY,Production Management (생산 관리),생산 계획 수립,생산 실적 집계,Work Order 관리,
IP_PRODUCT_LINE_MACHINE_MAP,Production Management (생산 관리) - 설비 정보,생산 계획 수립,생산 실적 집계,Work Order 관리,
IP_PRODUCT_LINE_RESULT,Production Management (생산 관리) - 실적 정보,생산 계획 수립,생산 실적 집계,Work Order 관리,
IP_PRODUCT_LINE_TARGET,Production Management (생산 관리),생산 계획 수립,생산 실적 집계,Work Order 관리,
IP_PRODUCT_MAGAZINE,Production Management (생산 관리),생산 계획 수립,생산 실적 집계,Work Order 관리,
IP_PRODUCT_MAGAZINE_HIS,Production Management (생산 관리),생산 계획 수립,생산 실적 집계,Work Order 관리,
IP_PRODUCT_MAGAZINE_MASTER,Production Management (생산 관리) - 마스터 정보,생산 계획 수립,생산 실적 집계,Work Order 관리,
IP_PRODUCT_MAINFLASH_VERSION,Production Management (생산 관리),생산 계획 수립,생산 실적 집계,Work Order 관리,
IP_PRODUCT_MAOI_DAILY_RESULTS,Production Management (생산 관리) - 실적 정보,생산 계획 수립,생산 실적 집계,Work Order 관리,
IP_PRODUCT_MCN_CALENDAR,Production Management (생산 관리),생산 계획 수립,생산 실적 집계,Work Order 관리,
IP_PRODUCT_MI_MONTH_PLAN,Production Management (생산 관리) - 계획 정보,생산 계획 수립,생산 실적 집계,Work Order 관리,
IP_PRODUCT_MI_PLAN,Production Management (생산 관리) - 계획 정보,생산 계획 수립,생산 실적 집계,Work Order 관리,
IP_PRODUCT_MOBILIZATION,Production Management (생산 관리),생산 계획 수립,생산 실적 집계,Work Order 관리,
IP_PRODUCT_MODEL_CT_MASTER,Production Management (생산 관리) - 마스터 정보,생산 계획 수립,생산 실적 집계,Work Order 관리,
IP_PRODUCT_MODEL_INSPECTION,Production Management (생산 관리) - 검사 정보,생산 계획 수립,생산 실적 집계,Work Order 관리,
IP_PRODUCT_MODEL_MASTER,Production Management (생산 관리) - 마스터 정보,생산 계획 수립,생산 실적 집계,Work Order 관리,
IP_PRODUCT_MODEL_MASTER_ATTRIBUTES,Production Management (생산 관리) - 마스터 정보,생산 계획 수립,생산 실적 집계,Work Order 관리,
IP_PRODUCT_MODEL_MASTER_MD_MODEL,Production Management (생산 관리) - 마스터 정보,생산 계획 수립,생산 실적 집계,Work Order 관리,
IP_PRODUCT_MODEL_MICOM_HISOTRY,Production Management (생산 관리),생산 계획 수립,생산 실적 집계,Work Order 관리,
IP_PRODUCT_MODEL_OTP,Production Management (생산 관리),생산 계획 수립,생산 실적 집계,Work Order 관리,
IP_PRODUCT_MODEL_ST_MASTER,Production Management (생산 관리) - 마스터 정보,생산 계획 수립,생산 실적 집계,Work Order 관리,
IP_PRODUCT_MOLD_CALENDAR,Production Management (생산 관리) - 금형 정보,생산 계획 수립,생산 실적 집계,Work Order 관리,
IP_PRODUCT_OEMBOX_MASTER,Production Management (생산 관리) - 마스터 정보,생산 계획 수립,생산 실적 집계,Work Order 관리,
IP_PRODUCT_PACK_ASSY_MASTER,Production Management (생산 관리) - 마스터 정보,생산 계획 수립,생산 실적 집계,Work Order 관리,
IP_PRODUCT_PACK_MASTER,Production Management (생산 관리) - 마스터 정보,생산 계획 수립,생산 실적 집계,Work Order 관리,
IP_PRODUCT_PACK_MASTER_DEL,Production Management (생산 관리) - 마스터 정보,생산 계획 수립,생산 실적 집계,Work Order 관리,
IP_PRODUCT_PACK_SCAN_HISTORY,Production Management (생산 관리) - 이력 정보,생산 계획 수립,생산 실적 집계,Work Order 관리,
IP_PRODUCT_PACK_SERIAL,Production Management (생산 관리),생산 계획 수립,생산 실적 집계,Work Order 관리,
IP_PRODUCT_PACK_SERIAL_DEL,Production Management (생산 관리),생산 계획 수립,생산 실적 집계,Work Order 관리,
IP_PRODUCT_PCB_DEPARTURE,협력사에서 출발처리한 PCB정보마스터,생산 계획 수립,생산 실적 집계,Work Order 관리,
IP_PRODUCT_PCB_DEPARTURE_LOAD,Production Management (생산 관리),생산 계획 수립,생산 실적 집계,Work Order 관리,
IP_PRODUCT_PCB_PURIFYING,Production Management (생산 관리),생산 계획 수립,생산 실적 집계,Work Order 관리,
IP_PRODUCT_PCB_SCAN_MASTER,Production Management (생산 관리) - 마스터 정보,생산 계획 수립,생산 실적 집계,Work Order 관리,
IP_PRODUCT_PCB_SCAN_MASTER_MT,Production Management (생산 관리) - 마스터 정보,생산 계획 수립,생산 실적 집계,Work Order 관리,
IP_PRODUCT_PDA_SCAN_MASTER,Production Management (생산 관리) - 마스터 정보,생산 계획 수립,생산 실적 집계,Work Order 관리,
IP_PRODUCT_PIDCHECK_HISTORY,Production Management (생산 관리) - 이력 정보,생산 계획 수립,생산 실적 집계,Work Order 관리,
IP_PRODUCT_PREPARE_IMAGE,Production Management (생산 관리),생산 계획 수립,생산 실적 집계,Work Order 관리,
IP_PRODUCT_PREPARE_LIST,Production Management (생산 관리),생산 계획 수립,생산 실적 집계,Work Order 관리,
IP_PRODUCT_PREPARE_MASTER,Production Management (생산 관리) - 마스터 정보,생산 계획 수립,생산 실적 집계,Work Order 관리,
IP_PRODUCT_REINPUT_RESULT,Production Management (생산 관리) - 실적 정보,생산 계획 수립,생산 실적 집계,Work Order 관리,
IP_PRODUCT_REPAIR,Production Management (생산 관리),생산 계획 수립,생산 실적 집계,Work Order 관리,
IP_PRODUCT_RESULT,Product Actual Result Master,생산 계획 수립,생산 실적 집계,Work Order 관리,
IP_PRODUCT_RESULT_BARCODE,"Production Management (생산 관리) - 실적 정보, 바코드 정보",생산 계획 수립,생산 실적 집계,Work Order 관리,
IP_PRODUCT_RESULT_HISTORY,"Production Management (생산 관리) - 이력 정보, 실적 정보",생산 계획 수립,생산 실적 집계,Work Order 관리,
IP_PRODUCT_REWORK_RESULT,Product Actual Result Master,생산 계획 수립,생산 실적 집계,Work Order 관리,
IP_PRODUCT_ROUTING,Production Management (생산 관리),생산 계획 수립,생산 실적 집계,Work Order 관리,
IP_PRODUCT_ROUTING_MASTER,Production Management (생산 관리) - 마스터 정보,생산 계획 수립,생산 실적 집계,Work Order 관리,
IP_PRODUCT_RUNNING_HIST,Production Management (생산 관리),생산 계획 수립,생산 실적 집계,Work Order 관리,
IP_PRODUCT_RUN_CARD,Production Management (생산 관리),생산 계획 수립,생산 실적 집계,Work Order 관리,
IP_PRODUCT_RUN_CARD_CLOSE,Production Management (생산 관리),생산 계획 수립,생산 실적 집계,Work Order 관리,
IP_PRODUCT_RUN_CARD_DEL,Production Management (생산 관리),생산 계획 수립,생산 실적 집계,Work Order 관리,
IP_PRODUCT_RUN_CARD_DETAIL,Production Management (생산 관리),생산 계획 수립,생산 실적 집계,Work Order 관리,
IP_PRODUCT_RUN_CARD_INV,Production Management (생산 관리),생산 계획 수립,생산 실적 집계,Work Order 관리,
IP_PRODUCT_RUN_CARD_INV_DEL,Production Management (생산 관리),생산 계획 수립,생산 실적 집계,Work Order 관리,
IP_PRODUCT_RUN_CARD_IO,Production Management (생산 관리),생산 계획 수립,생산 실적 집계,Work Order 관리,
IP_PRODUCT_RUN_CARD_IO_BACK,Production Management (생산 관리),생산 계획 수립,생산 실적 집계,Work Order 관리,
IP_PRODUCT_RUN_CARD_ISSUE,Production Management (생산 관리) - 출고 정보,생산 계획 수립,생산 실적 집계,Work Order 관리,
IP_PRODUCT_RUN_CARD_ISSUE_DEL,Production Management (생산 관리) - 출고 정보,생산 계획 수립,생산 실적 집계,Work Order 관리,
IP_PRODUCT_RUN_CARD_RECEIPT,Production Management (생산 관리) - 입고 정보,생산 계획 수립,생산 실적 집계,Work Order 관리,
IP_PRODUCT_RUN_CARD_RECEIPT_DEL,Production Management (생산 관리) - 입고 정보,생산 계획 수립,생산 실적 집계,Work Order 관리,
IP_PRODUCT_RUN_MODEL,Production Management (생산 관리),생산 계획 수립,생산 실적 집계,Work Order 관리,
IP_PRODUCT_RUN_MODEL_LOG,Production Management (생산 관리) - 로그 정보,생산 계획 수립,생산 실적 집계,Work Order 관리,
IP_PRODUCT_SAOI_DAILY_RESULTS,Production Management (생산 관리) - 실적 정보,생산 계획 수립,생산 실적 집계,Work Order 관리,
IP_PRODUCT_SCAN_HISTORY,Production Management (생산 관리) - 이력 정보,생산 계획 수립,생산 실적 집계,Work Order 관리,
IP_PRODUCT_SCAN_INPUT_HISTORY,SoluM PBA 자재투입 이력,생산 계획 수립,생산 실적 집계,Work Order 관리,
IP_PRODUCT_SCAN_MAPPING_HISTORY,SoluM PBA Mapping 이력,생산 계획 수립,생산 실적 집계,Work Order 관리,
IP_PRODUCT_SCAN_MAPPING_HIST_DEL,Production Management (생산 관리),생산 계획 수립,생산 실적 집계,Work Order 관리,
IP_PRODUCT_SELECTION_DATA_TEMP,Production Management (생산 관리) - 임시 데이터,생산 계획 수립,생산 실적 집계,Work Order 관리,
IP_PRODUCT_SENSOR_ACTUAL,Production Management (생산 관리) - 센서 데이터,생산 계획 수립,생산 실적 집계,Work Order 관리,
IP_PRODUCT_SENSOR_ACTUAL_BACK,Production Management (생산 관리) - 센서 데이터,생산 계획 수립,생산 실적 집계,Work Order 관리,
IP_PRODUCT_SENSOR_ACTUAL_HOUR,Production Management (생산 관리) - 센서 데이터,생산 계획 수립,생산 실적 집계,Work Order 관리,
IP_PRODUCT_SENSOR_ACTUAL_RUNNO,Production Management (생산 관리) - 센서 데이터,생산 계획 수립,생산 실적 집계,Work Order 관리,
IP_PRODUCT_SENSOR_ACTUAL_TIME,Production Management (생산 관리) - 센서 데이터,생산 계획 수립,생산 실적 집계,Work Order 관리,
IP_PRODUCT_SERIAL_RESULT,Production Management (생산 관리) - 실적 정보,생산 계획 수립,생산 실적 집계,Work Order 관리,
IP_PRODUCT_SHIFT_RESULT,Production Management (생산 관리) - 실적 정보,생산 계획 수립,생산 실적 집계,Work Order 관리,
IP_PRODUCT_SMD_MONTH_PLAN,Production Management (생산 관리) - 계획 정보,생산 계획 수립,생산 실적 집계,Work Order 관리,
IP_PRODUCT_SMD_PLAN,Production Management (생산 관리) - 계획 정보,생산 계획 수립,생산 실적 집계,Work Order 관리,
IP_PRODUCT_SMD_PLAN_ISSUE,"Production Management (생산 관리) - 출고 정보, 계획 정보",생산 계획 수립,생산 실적 집계,Work Order 관리,
IP_PRODUCT_SOFTWARE_EXCEL,Production Management (생산 관리),생산 계획 수립,생산 실적 집계,Work Order 관리,
IP_PRODUCT_SOFTWARE_MASTER,Production Management (생산 관리) - 마스터 정보,생산 계획 수립,생산 실적 집계,Work Order 관리,
IP_PRODUCT_SPEC_CONFIRM_DOC,Production Management (생산 관리),생산 계획 수립,생산 실적 집계,Work Order 관리,
IP_PRODUCT_SPI_DAILY_RESULTS,Production Management (생산 관리) - 실적 정보,생산 계획 수립,생산 실적 집계,Work Order 관리,
IP_PRODUCT_SSCD_DATA_CHECK,Production Management (생산 관리),생산 계획 수립,생산 실적 집계,Work Order 관리,
IP_PRODUCT_ST,Production Management (생산 관리),생산 계획 수립,생산 실적 집계,Work Order 관리,
IP_PRODUCT_VI_QC_IMAGE,Production Management (생산 관리),생산 계획 수립,생산 실적 집계,Work Order 관리,
IP_PRODUCT_WORKORDER_DOCUMENT,Production Management (생산 관리) - 오더 정보,생산 계획 수립,생산 실적 집계,Work Order 관리,
IP_PRODUCT_WORKSTAGE,Production Management (생산 관리),생산 계획 수립,생산 실적 집계,Work Order 관리,
IP_PRODUCT_WORKSTAGE_INV,Production Management (생산 관리),생산 계획 수립,생산 실적 집계,Work Order 관리,
IP_PRODUCT_WORKSTAGE_IO,Production Management (생산 관리),생산 계획 수립,생산 실적 집계,Work Order 관리,
IP_PRODUCT_WORKSTAGE_IO_DEL,Production Management (생산 관리),생산 계획 수립,생산 실적 집계,Work Order 관리,
IP_PRODUCT_WORKSTAGE_RESULT,Production Management (생산 관리) - 실적 정보,생산 계획 수립,생산 실적 집계,Work Order 관리,
IP_PRODUCT_WORKSTAGE_REWORK,Production Management (생산 관리),생산 계획 수립,생산 실적 집계,Work Order 관리,
IP_PRODUCT_WORK_QC,Production Management (생산 관리),생산 계획 수립,생산 실적 집계,Work Order 관리,
IP_PRODUCT_WORK_QC_EXCEL,Production Management (생산 관리),생산 계획 수립,생산 실적 집계,Work Order 관리,
IP_PRODUCT_WORK_QC_IMAGE,Production Management (생산 관리),생산 계획 수립,생산 실적 집계,Work Order 관리,
IP_PRODUCT_WORK_QC_REPAIR_ITEM,Production Management (생산 관리),생산 계획 수립,생산 실적 집계,Work Order 관리,
IP_PRODUCT_WORK_TIME,Production Management (생산 관리),생산 계획 수립,생산 실적 집계,Work Order 관리,
IP_PRODUCT_WRONG_COMPONENT,Production Management (생산 관리),생산 계획 수립,생산 실적 집계,Work Order 관리,
IP_PRODUCT_WRONG_RETURN_PID,Production Management (생산 관리),생산 계획 수립,생산 실적 집계,Work Order 관리,
IP_PRODUCT_WS_CALENDAR,Production Management (생산 관리),생산 계획 수립,생산 실적 집계,Work Order 관리,
IP_PRODUCT_WS_CAPACITY,Production Management (생산 관리),생산 계획 수립,생산 실적 집계,Work Order 관리,
IP_PRODUCT_YEAR_BASE,Production Management (생산 관리),생산 계획 수립,생산 실적 집계,Work Order 관리,
IP_PROD_MATERIAL_TRACKING_KFC,Production Management (생산 관리),생산 계획 수립,생산 실적 집계,Work Order 관리,
IP_SHIFT_TIME_MASTER,Production Management (생산 관리) - 마스터 정보,생산 계획 수립,생산 실적 집계,Work Order 관리,
IQC_INSPECTION_TEMPLATE,IQC_INSPECTION_TEMPLATE[¿¿¿¿ ¿¿¿¿],데이터 조회,데이터 등록/수정,이력 관리,
IQC_INSPECTION_TIME_CHECK,IQC_INSPECTION_TIME_CHECK[¿¿¿¿¿¿¿¿],데이터 조회,데이터 등록/수정,이력 관리,
IQ_4M_MASTER,Quality Management (품질 관리) - 마스터 정보,품질 데이터 수집,불량 분석,검사 결과 조회,
IQ_CHECK_FOOLPROOF_HISTORY,Quality Management (품질 관리) - 이력 정보,품질 데이터 수집,불량 분석,검사 결과 조회,
IQ_DAILY_DASHBOARD,Quality Management (품질 관리),품질 데이터 수집,불량 분석,검사 결과 조회,
IQ_DAILY_NOTIFY,Quality Management (품질 관리),품질 데이터 수집,불량 분석,검사 결과 조회,
IQ_INSPECT_MASTER_SAMPLE_LOG,"Quality Management (품질 관리) - 마스터 정보, 검사 정보",품질 데이터 수집,불량 분석,검사 결과 조회,
IQ_INSPECT_MAXPOWER_SPEC,Quality Management (품질 관리) - 검사 정보,품질 데이터 수집,불량 분석,검사 결과 조회,
IQ_INTERLOCK_CHECK_CONDITION,Quality Management (품질 관리),품질 데이터 수집,불량 분석,검사 결과 조회,
IQ_INTERLOCK_CHECK_COND_LOG,Quality Management (품질 관리) - 로그 정보,품질 데이터 수집,불량 분석,검사 결과 조회,
IQ_INTERLOCK_CHECK_ERROR,Quality Management (품질 관리) - 에러 정보,품질 데이터 수집,불량 분석,검사 결과 조회,
IQ_INTERLOCK_CHECK_RESULT,Quality Management (품질 관리) - 실적 정보,품질 데이터 수집,불량 분석,검사 결과 조회,
IQ_INTERLOCK_CHECK_RESULT_SUM,Quality Management (품질 관리) - 실적 정보,품질 데이터 수집,불량 분석,검사 결과 조회,
IQ_INTERLOCK_REFLOW_DATA,Quality Management (품질 관리),품질 데이터 수집,불량 분석,검사 결과 조회,
IQ_INTERLOCK_REFLOW_STATUS,Quality Management (품질 관리),품질 데이터 수집,불량 분석,검사 결과 조회,
IQ_INTERLOCK_REQUEST_LOG,Quality Management (품질 관리) - 로그 정보,품질 데이터 수집,불량 분석,검사 결과 조회,
IQ_IQC_DOCUMENT,Quality Management (품질 관리),품질 데이터 수집,불량 분석,검사 결과 조회,
IQ_IQC_INSPECT_HISTORY,"Quality Management (품질 관리) - 이력 정보, 검사 정보",품질 데이터 수집,불량 분석,검사 결과 조회,
IQ_ITEM_EQUIPMENT_DETAIL,Quality Management (품질 관리),품질 데이터 수집,불량 분석,검사 결과 조회,
IQ_ITEM_INSPECT_GROUP,Quality Management (품질 관리) - 검사 정보,품질 데이터 수집,불량 분석,검사 결과 조회,
IQ_ITEM_IQC,IQC Inspect Master,품질 데이터 수집,불량 분석,검사 결과 조회,
IQ_ITEM_IQC_BAD,IQC Inspect Master,품질 데이터 수집,불량 분석,검사 결과 조회,
IQ_ITEM_IQC_CRITERION,Quality Management (품질 관리),품질 데이터 수집,불량 분석,검사 결과 조회,
IQ_ITEM_IQC_RANGE,IQC Master,품질 데이터 수집,불량 분석,검사 결과 조회,
IQ_ITEM_OQC_CRITERION,Quality Management (품질 관리),품질 데이터 수집,불량 분석,검사 결과 조회,
IQ_LED_INSPECT_CONDITION,Quality Management (품질 관리) - 검사 정보,품질 데이터 수집,불량 분석,검사 결과 조회,
IQ_MACHINE_AOI_NG_POWER_DATA_RAW,Quality Management (품질 관리) - 설비 정보,품질 데이터 수집,불량 분석,검사 결과 조회,
IQ_MACHINE_AOI_POWER_DATA_RAW,Quality Management (품질 관리) - 설비 정보,품질 데이터 수집,불량 분석,검사 결과 조회,
IQ_MACHINE_ATE_DTL_POWER_DATA_RAW,ATE DETAIL OF POWER MODULE,품질 데이터 수집,불량 분석,검사 결과 조회,
IQ_MACHINE_ATE_POWER_DATA_RAW,ATE OF POWER MODULE,품질 데이터 수집,불량 분석,검사 결과 조회,
IQ_MACHINE_ATE_POWER_SUB2_DATA_RAW,Quality Management (품질 관리) - 설비 정보,품질 데이터 수집,불량 분석,검사 결과 조회,
IQ_MACHINE_ATE_SERVER_DATA_RAW,ATE OF SERVER MODULE,품질 데이터 수집,불량 분석,검사 결과 조회,
IQ_MACHINE_BARCODE_DATA_RAW,"Quality Management (품질 관리) - 바코드 정보, 설비 정보",품질 데이터 수집,불량 분석,검사 결과 조회,
IQ_MACHINE_BURNIN_DTL_HYBRID_RAW,Quality Management (품질 관리) - 설비 정보,품질 데이터 수집,불량 분석,검사 결과 조회,
IQ_MACHINE_BURNIN_HYBRID_DATA_RAW,Quality Management (품질 관리) - 설비 정보,품질 데이터 수집,불량 분석,검사 결과 조회,
IQ_MACHINE_BURNIN_POWER_DATA_RAW,Quality Management (품질 관리) - 설비 정보,품질 데이터 수집,불량 분석,검사 결과 조회,
IQ_MACHINE_BURNIN_SMPS_DATA_RAW,Quality Management (품질 관리) - 설비 정보,품질 데이터 수집,불량 분석,검사 결과 조회,
IQ_MACHINE_CALIB_DTL_POWER_DATA_RAW,Quality Management (품질 관리) - 설비 정보,품질 데이터 수집,불량 분석,검사 결과 조회,
IQ_MACHINE_CALIB_POWER_DATA_RAW,Quality Management (품질 관리) - 설비 정보,품질 데이터 수집,불량 분석,검사 결과 조회,
IQ_MACHINE_COATING_POWER_DATA,Quality Management (품질 관리) - 설비 정보,품질 데이터 수집,불량 분석,검사 결과 조회,
IQ_MACHINE_COATING_POWER_DATA_RAW,Quality Management (품질 관리) - 설비 정보,품질 데이터 수집,불량 분석,검사 결과 조회,
IQ_MACHINE_CPK_ITEM_MASTER,"Quality Management (품질 관리) - 마스터 정보, 설비 정보",품질 데이터 수집,불량 분석,검사 결과 조회,
IQ_MACHINE_CTRL_SERVER_DATA_RAW,Quality Management (품질 관리) - 설비 정보,품질 데이터 수집,불량 분석,검사 결과 조회,
IQ_MACHINE_DATA_RAW,Quality Management (품질 관리) - 설비 정보,품질 데이터 수집,불량 분석,검사 결과 조회,
IQ_MACHINE_EEPROM_SERVER_DATA_RAW,Quality Management (품질 관리) - 설비 정보,품질 데이터 수집,불량 분석,검사 결과 조회,
IQ_MACHINE_ESD_DATA_RAW,Quality Management (품질 관리) - 설비 정보,품질 데이터 수집,불량 분석,검사 결과 조회,
IQ_MACHINE_FANTEST_POWER_DATA_RAW,Quality Management (품질 관리) - 설비 정보,품질 데이터 수집,불량 분석,검사 결과 조회,
IQ_MACHINE_FCT_DTL_POWER_DATA_RAW,FCT DETAIL OF POWER MODULE,품질 데이터 수집,불량 분석,검사 결과 조회,
IQ_MACHINE_FCT_POWER_DATA_RAW,FCT OF POWER MODULE,품질 데이터 수집,불량 분석,검사 결과 조회,
IQ_MACHINE_FCT_SERVER_DATA_RAW,Quality Management (품질 관리) - 설비 정보,품질 데이터 수집,불량 분석,검사 결과 조회,
IQ_MACHINE_FT1_DTL_POWER_DATA_RAW,FT1 DETAIL OF POWER MODULE,품질 데이터 수집,불량 분석,검사 결과 조회,
IQ_MACHINE_FT1_POWER_DATA_RAW,FT1 OF POWER MODULE,품질 데이터 수집,불량 분석,검사 결과 조회,
IQ_MACHINE_FT1_SERVER_DATA_RAW,FT1 OF SERVER MODULE,품질 데이터 수집,불량 분석,검사 결과 조회,
IQ_MACHINE_FT1_SMPS_DATA_RAW,FT1 OF SMPS,품질 데이터 수집,불량 분석,검사 결과 조회,
IQ_MACHINE_FWACDC_POWER_DATA_RAW,Quality Management (품질 관리) - 설비 정보,품질 데이터 수집,불량 분석,검사 결과 조회,
IQ_MACHINE_FWDCDC_POWER_DATA_RAW,Quality Management (품질 관리) - 설비 정보,품질 데이터 수집,불량 분석,검사 결과 조회,
IQ_MACHINE_FWDL_POWER_DATA_RAW,FWDN Fuction Test OF POWER MODULE,품질 데이터 수집,불량 분석,검사 결과 조회,
IQ_MACHINE_FWLED_POWER_DATA_RAW,Quality Management (품질 관리) - 설비 정보,품질 데이터 수집,불량 분석,검사 결과 조회,
IQ_MACHINE_FW_POWER_DATA_RAW,Quality Management (품질 관리) - 설비 정보,품질 데이터 수집,불량 분석,검사 결과 조회,
IQ_MACHINE_FW_SERVER_DATA_RAW,Quality Management (품질 관리) - 설비 정보,품질 데이터 수집,불량 분석,검사 결과 조회,
IQ_MACHINE_FW_SMPS_DATA_RAW,FW OF SMPS,품질 데이터 수집,불량 분석,검사 결과 조회,
IQ_MACHINE_HEIGHT_POWER_DATA_RAW,Quality Management (품질 관리) - 설비 정보,품질 데이터 수집,불량 분석,검사 결과 조회,
IQ_MACHINE_HIPOT_POWER_DATA_RAW,Quality Management (품질 관리) - 설비 정보,품질 데이터 수집,불량 분석,검사 결과 조회,
IQ_MACHINE_HIPOT_SERVER_DATA_RAW,Quality Management (품질 관리) - 설비 정보,품질 데이터 수집,불량 분석,검사 결과 조회,
IQ_MACHINE_ICT_DTL_SERVER_DATA_RAW,Quality Management (품질 관리) - 설비 정보,품질 데이터 수집,불량 분석,검사 결과 조회,
IQ_MACHINE_ICT_SERVER_DATA_RAW,Quality Management (품질 관리) - 설비 정보,품질 데이터 수집,불량 분석,검사 결과 조회,
IQ_MACHINE_INPSECT_DATA_FEEDERCHECK,Quality Management (품질 관리) - 설비 정보,품질 데이터 수집,불량 분석,검사 결과 조회,
IQ_MACHINE_INSPECT_DATA_AGING,"Quality Management (품질 관리) - 검사 정보, 설비 정보",품질 데이터 수집,불량 분석,검사 결과 조회,
IQ_MACHINE_INSPECT_DATA_AOI,"Quality Management (품질 관리) - 검사 정보, 설비 정보",품질 데이터 수집,불량 분석,검사 결과 조회,
IQ_MACHINE_INSPECT_DATA_AOI_DFT,"Quality Management (품질 관리) - 검사 정보, 설비 정보",품질 데이터 수집,불량 분석,검사 결과 조회,
IQ_MACHINE_INSPECT_DATA_AOI_NG,"Quality Management (품질 관리) - 검사 정보, 설비 정보",품질 데이터 수집,불량 분석,검사 결과 조회,
IQ_MACHINE_INSPECT_DATA_AOI_TEST,"Quality Management (품질 관리) - 검사 정보, 설비 정보",품질 데이터 수집,불량 분석,검사 결과 조회,
IQ_MACHINE_INSPECT_DATA_ICT,"Quality Management (품질 관리) - 검사 정보, 설비 정보",품질 데이터 수집,불량 분석,검사 결과 조회,
IQ_MACHINE_INSPECT_DATA_MANUAL,"Quality Management (품질 관리) - 검사 정보, 설비 정보",품질 데이터 수집,불량 분석,검사 결과 조회,
IQ_MACHINE_INSPECT_DATA_MAOI,"Quality Management (품질 관리) - 검사 정보, 설비 정보",품질 데이터 수집,불량 분석,검사 결과 조회,
IQ_MACHINE_INSPECT_DATA_MAOI_DFT,"Quality Management (품질 관리) - 검사 정보, 설비 정보",품질 데이터 수집,불량 분석,검사 결과 조회,
IQ_MACHINE_INSPECT_DATA_MAOI_NG,"Quality Management (품질 관리) - 검사 정보, 설비 정보",품질 데이터 수집,불량 분석,검사 결과 조회,
IQ_MACHINE_INSPECT_DATA_MASK,"Quality Management (품질 관리) - 검사 정보, 설비 정보",품질 데이터 수집,불량 분석,검사 결과 조회,
IQ_MACHINE_INSPECT_DATA_MK,"Quality Management (품질 관리) - 검사 정보, 설비 정보",품질 데이터 수집,불량 분석,검사 결과 조회,
IQ_MACHINE_INSPECT_DATA_MOUNTER_EVENT,"Quality Management (품질 관리) - 검사 정보, 설비 정보",품질 데이터 수집,불량 분석,검사 결과 조회,
IQ_MACHINE_INSPECT_DATA_M_MASK,"Quality Management (품질 관리) - 검사 정보, 설비 정보",품질 데이터 수집,불량 분석,검사 결과 조회,
IQ_MACHINE_INSPECT_DATA_PASS,"Quality Management (품질 관리) - 검사 정보, 설비 정보",품질 데이터 수집,불량 분석,검사 결과 조회,
IQ_MACHINE_INSPECT_DATA_PBA_FT,"Quality Management (품질 관리) - 검사 정보, 설비 정보",품질 데이터 수집,불량 분석,검사 결과 조회,
IQ_MACHINE_INSPECT_DATA_PBA_FT_NG,"Quality Management (품질 관리) - 검사 정보, 설비 정보",품질 데이터 수집,불량 분석,검사 결과 조회,
IQ_MACHINE_INSPECT_DATA_PBA_TVSET,"Quality Management (품질 관리) - 검사 정보, 설비 정보",품질 데이터 수집,불량 분석,검사 결과 조회,
IQ_MACHINE_INSPECT_DATA_PICKUP,"Quality Management (품질 관리) - 검사 정보, 설비 정보",품질 데이터 수집,불량 분석,검사 결과 조회,
IQ_MACHINE_INSPECT_DATA_REFLOW,"Quality Management (품질 관리) - 검사 정보, 설비 정보",품질 데이터 수집,불량 분석,검사 결과 조회,
IQ_MACHINE_INSPECT_DATA_RT,"Quality Management (품질 관리) - 검사 정보, 설비 정보",품질 데이터 수집,불량 분석,검사 결과 조회,
IQ_MACHINE_INSPECT_DATA_RW,"Quality Management (품질 관리) - 검사 정보, 설비 정보",품질 데이터 수집,불량 분석,검사 결과 조회,
IQ_MACHINE_INSPECT_DATA_SOLDER,"Quality Management (품질 관리) - 검사 정보, 설비 정보",품질 데이터 수집,불량 분석,검사 결과 조회,
IQ_MACHINE_INSPECT_DATA_SP,"Quality Management (품질 관리) - 검사 정보, 설비 정보",품질 데이터 수집,불량 분석,검사 결과 조회,
IQ_MACHINE_INSPECT_DATA_SPI,"Quality Management (품질 관리) - 검사 정보, 설비 정보",품질 데이터 수집,불량 분석,검사 결과 조회,
IQ_MACHINE_INSPECT_DATA_SPI_DFT,"Quality Management (품질 관리) - 검사 정보, 설비 정보",품질 데이터 수집,불량 분석,검사 결과 조회,
IQ_MACHINE_INSPECT_DATA_SPI_DTL,"Quality Management (품질 관리) - 검사 정보, 설비 정보",품질 데이터 수집,불량 분석,검사 결과 조회,
IQ_MACHINE_INSPECT_DATA_SPI_NG,"Quality Management (품질 관리) - 검사 정보, 설비 정보",품질 데이터 수집,불량 분석,검사 결과 조회,
IQ_MACHINE_INSPECT_DATA_WAVE1,"Quality Management (품질 관리) - 검사 정보, 설비 정보",품질 데이터 수집,불량 분석,검사 결과 조회,
IQ_MACHINE_INSPECT_MANUAL,"Quality Management (품질 관리) - 검사 정보, 설비 정보",품질 데이터 수집,불량 분석,검사 결과 조회,
IQ_MACHINE_INSPECT_NPM1_RAW,"Quality Management (품질 관리) - 검사 정보, 설비 정보",품질 데이터 수집,불량 분석,검사 결과 조회,
IQ_MACHINE_INSPECT_NPM2_RAW,"Quality Management (품질 관리) - 검사 정보, 설비 정보",품질 데이터 수집,불량 분석,검사 결과 조회,
IQ_MACHINE_INSPECT_NPM3_RAW,"Quality Management (품질 관리) - 검사 정보, 설비 정보",품질 데이터 수집,불량 분석,검사 결과 조회,
IQ_MACHINE_INSPECT_NSNP,"Quality Management (품질 관리) - 검사 정보, 설비 정보",품질 데이터 수집,불량 분석,검사 결과 조회,
IQ_MACHINE_INSPECT_PBA_TVSET_DTL,"Quality Management (품질 관리) - 검사 정보, 설비 정보",품질 데이터 수집,불량 분석,검사 결과 조회,
IQ_MACHINE_INSPECT_PICKUP,"Quality Management (품질 관리) - 검사 정보, 설비 정보",품질 데이터 수집,불량 분석,검사 결과 조회,
IQ_MACHINE_INSPECT_PICKUP_QRY,"Quality Management (품질 관리) - 검사 정보, 설비 정보",품질 데이터 수집,불량 분석,검사 결과 조회,
IQ_MACHINE_INSPECT_PICKUP_RATE,"Quality Management (품질 관리) - 검사 정보, 설비 정보",품질 데이터 수집,불량 분석,검사 결과 조회,
IQ_MACHINE_INSPECT_PMNT1,"Quality Management (품질 관리) - 검사 정보, 설비 정보",품질 데이터 수집,불량 분석,검사 결과 조회,
IQ_MACHINE_INSPECT_PMNT2,"Quality Management (품질 관리) - 검사 정보, 설비 정보",품질 데이터 수집,불량 분석,검사 결과 조회,
IQ_MACHINE_INSPECT_PMNT3,"Quality Management (품질 관리) - 검사 정보, 설비 정보",품질 데이터 수집,불량 분석,검사 결과 조회,
IQ_MACHINE_INSPECT_PMNT4,"Quality Management (품질 관리) - 검사 정보, 설비 정보",품질 데이터 수집,불량 분석,검사 결과 조회,
IQ_MACHINE_INSPECT_PMNT4_ERROR,"Quality Management (품질 관리) - 검사 정보, 설비 정보",품질 데이터 수집,불량 분석,검사 결과 조회,
IQ_MACHINE_INSPECT_RESULT,"Quality Management (품질 관리) - 실적 정보, 검사 정보",품질 데이터 수집,불량 분석,검사 결과 조회,
IQ_MACHINE_INSPECT_SMNT1,"Quality Management (품질 관리) - 검사 정보, 설비 정보",품질 데이터 수집,불량 분석,검사 결과 조회,
IQ_MACHINE_INSPECT_SMNT2,"Quality Management (품질 관리) - 검사 정보, 설비 정보",품질 데이터 수집,불량 분석,검사 결과 조회,
IQ_MACHINE_INSPECT_SMNT_PCBINFO,"Quality Management (품질 관리) - 검사 정보, 설비 정보",품질 데이터 수집,불량 분석,검사 결과 조회,
IQ_MACHINE_INSPECT_SMNT_PCBRESULT,"Quality Management (품질 관리) - 실적 정보, 검사 정보",품질 데이터 수집,불량 분석,검사 결과 조회,
IQ_MACHINE_INSPECT_SPI,"Quality Management (품질 관리) - 검사 정보, 설비 정보",품질 데이터 수집,불량 분석,검사 결과 조회,
IQ_MACHINE_INSPECT_SPI_NG,"Quality Management (품질 관리) - 검사 정보, 설비 정보",품질 데이터 수집,불량 분석,검사 결과 조회,
IQ_MACHINE_INSPECT_YMNT1_RAW,YAHAMA마운터 헤더정보,품질 데이터 수집,불량 분석,검사 결과 조회,
IQ_MACHINE_INSPECT_YMNT2_RAW,YAHAMA마운터 피더정보,품질 데이터 수집,불량 분석,검사 결과 조회,
IQ_MACHINE_LCR_DATA_RAW,Quality Management (품질 관리) - 설비 정보,품질 데이터 수집,불량 분석,검사 결과 조회,
IQ_MACHINE_LCR_DTL_DATA_RAW,Quality Management (품질 관리) - 설비 정보,품질 데이터 수집,불량 분석,검사 결과 조회,
IQ_MACHINE_MANUAL_BARCODE_DATA_RAW,"Quality Management (품질 관리) - 바코드 정보, 설비 정보",품질 데이터 수집,불량 분석,검사 결과 조회,
IQ_MACHINE_MAN_SCREW3_POWER_DATA_RAW,Quality Management (품질 관리) - 설비 정보,품질 데이터 수집,불량 분석,검사 결과 조회,
IQ_MACHINE_METALMASK_DATA_RAW,MATAL MASK RESULT,품질 데이터 수집,불량 분석,검사 결과 조회,
IQ_MACHINE_M_MASK_PAD_DATA_RAW,Quality Management (품질 관리) - 설비 정보,품질 데이터 수집,불량 분석,검사 결과 조회,
IQ_MACHINE_PBACASE_POWER_DATA_RAW,Quality Management (품질 관리) - 설비 정보,품질 데이터 수집,불량 분석,검사 결과 조회,
IQ_MACHINE_SCREWPACK_POWER_DATA_RAW,Quality Management (품질 관리) - 설비 정보,품질 데이터 수집,불량 분석,검사 결과 조회,
IQ_MACHINE_SCREW_POWER_DATA_RAW,Quality Management (품질 관리) - 설비 정보,품질 데이터 수집,불량 분석,검사 결과 조회,
IQ_MACHINE_SOLDERING_POWER_DATA_RAW,Quality Management (품질 관리) - 설비 정보,품질 데이터 수집,불량 분석,검사 결과 조회,
IQ_MACHINE_SOLDERING_SERVER_DATA_RAW,Quality Management (품질 관리) - 설비 정보,품질 데이터 수집,불량 분석,검사 결과 조회,
IQ_MACHINE_SP_DATA_RAW,Quality Management (품질 관리) - 설비 정보,품질 데이터 수집,불량 분석,검사 결과 조회,
IQ_MACHINE_STB_SERVER_DATA_RAW,Quality Management (품질 관리) - 설비 정보,품질 데이터 수집,불량 분석,검사 결과 조회,
IQ_MACHINE_ZIG_HISTORY_RAW,"Quality Management (품질 관리) - 이력 정보, 설비 정보",품질 데이터 수집,불량 분석,검사 결과 조회,
IQ_OQC_INSPECT_HISTORY,"Quality Management (품질 관리) - 이력 정보, 검사 정보",품질 데이터 수집,불량 분석,검사 결과 조회,
IQ_OQC_REQUEST_QMS,Quality Management (품질 관리),품질 데이터 수집,불량 분석,검사 결과 조회,
IQ_OQC_REQUEST_QMS_DETAIL,Quality Management (품질 관리),품질 데이터 수집,불량 분석,검사 결과 조회,
IQ_OQC_REQUEST_QMS_MASTER,Quality Management (품질 관리) - 마스터 정보,품질 데이터 수집,불량 분석,검사 결과 조회,
IQ_PRODUCT_PERFECT_QC_HISTORY,Quality Management (품질 관리) - 이력 정보,품질 데이터 수집,불량 분석,검사 결과 조회,
IQ_PRODUCT_TARGET_QC_HISTORY,Quality Management (품질 관리) - 이력 정보,품질 데이터 수집,불량 분석,검사 결과 조회,
IQ_PRODUCT_WQC,Quality Management (품질 관리),품질 데이터 수집,불량 분석,검사 결과 조회,
IQ_SPC_CONTROL_CHART_CONSTANTS,Quality Management (품질 관리),품질 데이터 수집,불량 분석,검사 결과 조회,
IQ_SPC_CONTROL_CHART_DAY_DATA,Quality Management (품질 관리),품질 데이터 수집,불량 분석,검사 결과 조회,
IQ_SUPPLIER_LOT_BLOKING,Quality Management (품질 관리),품질 데이터 수집,불량 분석,검사 결과 조회,
ISAL_PRODUCT_INVENTORY,Sales/Shipping Management (판매/출하 관리) - 재고 정보,출하 계획,재고 관리,배송 추적,
ISAL_PRODUCT_RECEIPT,Sales/Shipping Management (판매/출하 관리) - 입고 정보,출하 계획,재고 관리,배송 추적,
ISAL_PRODUCT_SHIPPING,Sales/Shipping Management (판매/출하 관리),출하 계획,재고 관리,배송 추적,
ISAL_SHIPPING_LOT_DETAIL,Sales/Shipping Management (판매/출하 관리),출하 계획,재고 관리,배송 추적,
ISAL_SHIPPING_LOT_MASTER,Sales/Shipping Management (판매/출하 관리) - 마스터 정보,출하 계획,재고 관리,배송 추적,
ISYS_ALERT_MASTER,System Management (시스템 관리) - 마스터 정보,사용자 관리,권한 관리,시스템 설정,
ISYS_APP_FILES,System Management (시스템 관리),사용자 관리,권한 관리,시스템 설정,
ISYS_AUDIT_MESSAGE,System Management (시스템 관리),사용자 관리,권한 관리,시스템 설정,
ISYS_AUDIT_MESSAGE_CODE,System Management (시스템 관리),사용자 관리,권한 관리,시스템 설정,
ISYS_AUDIT_MESSAGE_FILTER,System Management (시스템 관리),사용자 관리,권한 관리,시스템 설정,
ISYS_AUDIT_MESSAGE_HISTORY,System Management (시스템 관리) - 이력 정보,사용자 관리,권한 관리,시스템 설정,
ISYS_BASECODE,Base code Master Table,사용자 관리,권한 관리,시스템 설정,
ISYS_BASECODE_YTMES,System Management (시스템 관리),사용자 관리,권한 관리,시스템 설정,
ISYS_BATCHJOBERRLOG,System Management (시스템 관리) - 로그 정보,사용자 관리,권한 관리,시스템 설정,
ISYS_BATCH_JOB_STATUS,System Management (시스템 관리),사용자 관리,권한 관리,시스템 설정,
ISYS_CODE_MASTER,System Management (시스템 관리) - 마스터 정보,사용자 관리,권한 관리,시스템 설정,
ISYS_COMPANY,System Management (시스템 관리),사용자 관리,권한 관리,시스템 설정,
ISYS_CONFIG,System Management (시스템 관리),사용자 관리,권한 관리,시스템 설정,
ISYS_DATAOBJECT,System Management (시스템 관리),사용자 관리,권한 관리,시스템 설정,
ISYS_DATA_FILTER,System Management (시스템 관리),사용자 관리,권한 관리,시스템 설정,
ISYS_DEFAULT_12_MONTHS,System Management (시스템 관리),사용자 관리,권한 관리,시스템 설정,
ISYS_DEFAULT_VALUE,System Management (시스템 관리),사용자 관리,권한 관리,시스템 설정,
ISYS_DEPARTMENT,Department Master,사용자 관리,권한 관리,시스템 설정,
ISYS_DUAL_LANGUAGE,Dual Language Master,사용자 관리,권한 관리,시스템 설정,
ISYS_DUAL_LANGUAGE2,System Management (시스템 관리),사용자 관리,권한 관리,시스템 설정,
ISYS_DUAL_LANGUAGE_YTMES,System Management (시스템 관리),사용자 관리,권한 관리,시스템 설정,
ISYS_DUAL_MESSAGE,Dual Message Master,사용자 관리,권한 관리,시스템 설정,
ISYS_DUAL_MESSAGE_DIRECT,System Management (시스템 관리),사용자 관리,권한 관리,시스템 설정,
ISYS_DUAL_MESSAGE_YTMES,System Management (시스템 관리),사용자 관리,권한 관리,시스템 설정,
ISYS_DWZOOM,Data Window Print Size Master,사용자 관리,권한 관리,시스템 설정,
ISYS_DYNAMIC_MENU,System Management (시스템 관리),사용자 관리,권한 관리,시스템 설정,
ISYS_DYNAMIC_MENU_SHS,System Management (시스템 관리),사용자 관리,권한 관리,시스템 설정,
ISYS_ERROR,System Management (시스템 관리) - 에러 정보,사용자 관리,권한 관리,시스템 설정,
ISYS_ERROR_TRACE,System Management (시스템 관리) - 에러 정보,사용자 관리,권한 관리,시스템 설정,
ISYS_EXCHANGE_RATE,System Management (시스템 관리),사용자 관리,권한 관리,시스템 설정,
ISYS_HELP_VIDEO,System Management (시스템 관리),사용자 관리,권한 관리,시스템 설정,
ISYS_INVENTORY_CLOSE_DATE,System Management (시스템 관리) - 재고 정보,사용자 관리,권한 관리,시스템 설정,
ISYS_JOB_TIMECHECK,System Management (시스템 관리),사용자 관리,권한 관리,시스템 설정,
ISYS_LABEL_FORM,System Management (시스템 관리),사용자 관리,권한 관리,시스템 설정,
ISYS_MACHINE_MONITORING,ISYS_MACHINE_MONITORING[수집장치통신확인데이터],사용자 관리,권한 관리,시스템 설정,
ISYS_MACHINE_MONITORING_OFF_HIST,System Management (시스템 관리) - 설비 정보,사용자 관리,권한 관리,시스템 설정,
ISYS_MENU,System Management (시스템 관리),사용자 관리,권한 관리,시스템 설정,
ISYS_MONITOR,System Management (시스템 관리),사용자 관리,권한 관리,시스템 설정,
ISYS_OBJECT,System Management (시스템 관리),사용자 관리,권한 관리,시스템 설정,
ISYS_OBJECT_SOURCE,System Management (시스템 관리),사용자 관리,권한 관리,시스템 설정,
ISYS_ORGANIZATION,Organization Master,사용자 관리,권한 관리,시스템 설정,
ISYS_PRIVILEGE,Privilege Master,사용자 관리,권한 관리,시스템 설정,
ISYS_PUB_BOARD,Bulletin Board Master,사용자 관리,권한 관리,시스템 설정,
ISYS_PUB_WORK_BOARD,System Management (시스템 관리),사용자 관리,권한 관리,시스템 설정,
ISYS_REPORT_MENU,System Management (시스템 관리),사용자 관리,권한 관리,시스템 설정,
ISYS_REPORT_SOURCE,System Management (시스템 관리),사용자 관리,권한 관리,시스템 설정,
ISYS_REPORT_SOURCE_WHERE,System Management (시스템 관리),사용자 관리,권한 관리,시스템 설정,
ISYS_REPORT_WHERE_CONDITION,System Management (시스템 관리),사용자 관리,권한 관리,시스템 설정,
ISYS_REPORT_WINDOW_MASTER,System Management (시스템 관리) - 마스터 정보,사용자 관리,권한 관리,시스템 설정,
ISYS_REPORT_WINDOW_PROPERTY,System Management (시스템 관리),사용자 관리,권한 관리,시스템 설정,
ISYS_ROLE,User Role Master,사용자 관리,권한 관리,시스템 설정,
ISYS_SOUND_MENT,System Management (시스템 관리),사용자 관리,권한 관리,시스템 설정,
ISYS_SYSTEM_ACCESS,System Management (시스템 관리),사용자 관리,권한 관리,시스템 설정,
ISYS_SYSTEM_INTERFACE,System Management (시스템 관리),사용자 관리,권한 관리,시스템 설정,
ISYS_USERS,User Master,사용자 관리,권한 관리,시스템 설정,
ISYS_USER_WAREHOUSE,System Management (시스템 관리),사용자 관리,권한 관리,시스템 설정,
ISYS_VERSION,System Management (시스템 관리),사용자 관리,권한 관리,시스템 설정,
ISYS_VERSION_HISTORY,System Management (시스템 관리) - 이력 정보,사용자 관리,권한 관리,시스템 설정,
ISYS_WINDOW,Application Window Master,사용자 관리,권한 관리,시스템 설정,
ISYS_WINDOW_ISO_TAG,System Management (시스템 관리),사용자 관리,권한 관리,시스템 설정,
ISYS_WINDOW_PROPERTY,System Management (시스템 관리),사용자 관리,권한 관리,시스템 설정,
ISYS_WINDOW_ROLE,System Management (시스템 관리),사용자 관리,권한 관리,시스템 설정,
ISYS_WINDOW_SHS,System Management (시스템 관리),사용자 관리,권한 관리,시스템 설정,
ISYS_WORD_DICTIONARY,System Management (시스템 관리),사용자 관리,권한 관리,시스템 설정,
ISYS_WORK_BOARD,System Management (시스템 관리),사용자 관리,권한 관리,시스템 설정,
IS_PRODUCT_SALE_PRICE,Product Work Cost Master,데이터 조회,데이터 등록/수정,이력 관리,
